Titulación,Categoría,Link,Periodo,Informacion
Especialización,Imagen,https://titulacion.fca.unam.mx/especializacion.php#consiste,03 al 17 febrero 2026,No aplica
Examen general de conocimientos,PDF,https://titulacion.fca.unam.mx/examen.php#consiste,27 julio al 13 agosto 2026,No aplica
Interfacultades,PDF,https://titulacion.fca.unam.mx/interfacultades.php#consiste,16 al 27 de junio 2025,No aplica
Seminario,Imagen,https://titulacion.fca.unam.mx/seminario.php#consiste,15 al 19 de junio 2026 (según el área de conocimiento),No aplica
Tesis y  diseño de un sistema  o proyecto,PDF,https://titulacion.fca.unam.mx/docs/avisos/Convocatoria_Tesis_2027-1.pdf,16 de enero al 06 de febrero 2026,No aplica
Reglamento,Reglamento,https://titulacion.fca.unam.mx/docs/Reglamento_2026_Abril.pdf,No aplica,No aplica
Alto nivel,En qué consiste,https://titulacion.fca.unam.mx/alto_nivel.php#consiste,Abierta Permanentemente,"¿En qué consiste?¿En qué consiste?De acuerdo al reglamento de la FCA, se considera Alto Nivel Académico el óptimo aprovechamiento escolar de un alumno durante sus estudios profesionales que se manifestará con un promedio mínimo de 9.5 expresado en la historia académica. Los alumnos egresados de la Facultad de Contaduría y Administración de la UNAM quedarán exentos de la prueba oral del examen profesional; los alumnos egresados de instituciones incorporadas deberán presentar prueba oral. Los alumnos egresados de la FCA de la UNAM que deseen obtener la Mención Honorífica deberán presentar prueba oral.¿Para quién es idónea esta opción?Para aquellos alumnos que cumplan con los siguientes requisitos:Haber aprobado todas las asignaturas en cursos y exámenes ordinarios en su respectivo periodo de estudios y en la primera inscripción.La acreditación de asignaturas de carácter extraordinario siempre que sean dentro del respectivo periodo de estudios o haya sido para adelantar y se aprueben en la primera inscripción.Haber obtenido un promedio mínimo de nueve punto cinco (9.5) durante los estudios profesionales.Haber concluido el servicio social máximo al término de su licenciatura.Plan 2012 deberá contar, además, con el registro del servicio social, inglés y puntos extracurriculares en el historial académico como asignatura dentro de su respectivo periodo de estudios, a excepción de la licenciatura de Negocios Internacionales que únicamente deberán tener registrado en el historial académico como asignatura el inglés.Ser la primera opción de titulación a la que se inscribe.Acreditar algún otro requisito que establezca su plan de estudios máximo al término de su licenciatura.¿Qué se requiere para solicitar el trámite de titulación (revisión de estudios)?Presentar su historia académica directamente en la ventanilla de Servicios Escolares de la FCA, para solicitar dicho trámite.¿Cómo hacer válida esta opción de titulación?Una vez autorizado, su Trámite de Titulación (revisión de estudios) en el renglón 10 y cumplir con los requisitos señalados en el procedimiento de inscripción, deberá realizar el registro correspondiente a la opción de titulación.Quien opte por esta opción de titulación tendrá tres meses máximo antes de que venza esta opción (artículo 11 del reglamento) para registrar la opción de titulación y entregar los documentos correspondientes para solicitar el trámite de título profesional y en su caso prueba oral para obtener mención honorífica."
Alto nivel,Procedimiento de inscripción,https://titulacion.fca.unam.mx/alto_nivel.php#inscripcion,Abierta Permanentemente,"Procedimiento de inscripciónFCA-UNAMINSTITUCIONES INCORPORADASPara hacer válida la presente opción de titulación se requiere:Cumplir con los lineamientos establecidos en los artículos 5, 11, 12 y del 83 al 88 del reglamento.Ser Alto Nivel Académico tu primer registro o inscripción como opción de titulación.Alumnos que cursaron el bachillerato en la UNAM, deberán contar con el certificado de estudios de nivel bachillerato, este deberá decir ""íntegramente"". Consultar trámite en el siguiente enlace, según corresponda:ENP: http://enp.unam.mx/comunidad/#tramitesCCH: https://www.cch.unam.mx/estudiantil/control-escolarContar con el certificado de estudios profesionales de la licenciatura, este deberá decir ""íntegramente"". Solicitarlo en la oficina de Servicios Escolares de la FCA.Solicitar en la ventanilla de Servicios Escolares de la FCA el Trámite de Titulación (revisión de estudios), deberá entregar su historia académica.Aproximadamente quince días después de haber solicitado su Trámite de Titulación (revisión de estudios), deberá verificar diariamente en la página de la DGAE enlace la autorización del trámite de titulación, esta se encuentra autorizada cuando tenga fecha en el renglón 10. Si presenta alguna irregularidad presentarse inmediatamente en la DGAE, ubicada a un costado del metro CU.Nota: La autorización del trámite de titulación tarda aproximadamente 30 días hábiles.Fotografía tomada con celular (del pecho hacía arriba), reciente, a color y sin filtros.Historia académica, actualizada con el 100% de créditos, esta deberá tener la columna de exámenes ordinarios, extraordinarios, promedio mínimo general de 9.50, contar con las asignaturas acreditadas en su respectivo periodo de estudios y en la primera inscripción, obtenerla en el siguiente enlace.Es obligatorio tener registrado como asignatura dentro del mismo periodo estipulado para terminar de manera regular su plan de estudios:Actividades extracurriculares (puntos deportivos y culturales)Idioma InglésServicio SocialComo se muestra en la imagen siguiente:A excepción de Negocios Internacionales, que considerando el mismo lineamiento anterior (tiempo) no registran en la historia académica el servicio social y actividades extracurriculares, pero deberán contar físicamente con las constancias correspondientes.Nota: Sin estos requisitos dentro de la historia académica no se podrá continuar con el registro a su opción de titulación. En caso de no contar con los requisitos anteriores, solicitar información directamente en Administración Escolar de la FCA.Constancia de término de servicio social original, impresa a color en hoja opalina y sellada por el Departamento de Servicio Social (no carta, ni ecosistema).Constancia de actividades extracurriculares (deportivos y culturales), sólo para alumnos de la licenciatura en Negocios Internacionales.Llenar formato de Protesta Universitaria.Una vez autorizado su trámite de titulación (revisión de estudios), inciso e), se recomienda realizar su registro de inscripción máximo cuatro meses posteriores al término de sus estudios en el siguiente enlace.Se deberán cargar los documentos solicitados por el sistema en formato JPG, a excepción de la historia académica que deberá ser en formato PDF (cada archivo no debe exceder 700 kb). Al terminar, el sistema proporciona un comprobante de inscripción, imprimir en hoja tamaño carta, se solicitará para trámites posteriores (en el reverso de este documento deberá imprimir su historia académica la cual se menciona en el inciso g), ajustar la impresión para visualizarla en una sola hoja).Inmediatamente después del registro, máximo al siguiente día hábil, deberá validar su inscripción y solicitar convocatoria para el trámite de título profesional directamente en el Departamento de Exámenes Profesionales, cubículo 2, para ello deberá entregar:Los documentos enlistados en el paso 1 (a excepción de la fotografía).Comprobante de inscripción en hoja tamaño carta y al reverso imprimir la historia académica (ajustar la impresión para visualizarla en una sola hoja), entregar 2 originales.Notas:Si algún documento solicitado por el sistema no se carga, se cancelará la inscripción sin responsabilidad para la FCA.Sin excepción, no se recibe documentación incompleta ni en mal estado.El alumno deberá considerar que su situación académica y documental está sujeta a revisión antes, durante y después del proceso de titulación.En caso de optar por la mención honorífica y cumplir con los requisitos del artículo 131 del reglamento, también deberá entregar el presente formato.Consultar convocatoria para título profesional en la fecha que indique el Departamento de Exámenes Profesionales, cubículo 2."
Alto nivel,Convocatoria para título profesional,https://titulacion.fca.unam.mx/alto_nivel.php#convocatoria_titulo,Abierta Permanentemente,No aplica
Alto nivel,Procedimiento para título profesional,https://titulacion.fca.unam.mx/alto_nivel.php#procedimiento_titulo,Abierta Permanentemente,No aplica
Diplomado presencial,En qué consiste,https://titulacion.fca.unam.mx/diplomado_presencial.php#consiste,Abierta Permanentemente,"¿En qué consiste?El Diplomado presencial es un conjunto de estudios sobre temas muy específicos de la carrera, con una duración mínima de 240 horas. El objetivo de esta opción es que el alumno se actualice y profundice en una de las áreas de conocimiento de la Facultad. Las inscripciones a esta opción están abiertas todo el año.¿Para quién es idónea esta opción?Para alumnos que:El diplomado sea su primer registro o inscripción como opción de titulación.Quieran poner al día sus conocimientos con las más recientes innovaciones en las diversas disciplinas.Deseen enriquecer su currículum con un diplomado universitario.Quieran intercambiar experiencias con profesionales que laboran en los diversos sectores empresariales y que son el perfil de concurrencia regular de los diplomados.Prefieran una opción de cursos escolarizados con fecha certera de terminación.¿Cómo se acredita?El Diplomado se acredita cuando el Departamento de Exámenes Profesionales entregue el documento que haga constar que se aprobaron todos los módulos que comprende el diplomado y que, en el mismo, se obtuvo una calificación mínima de 8.0 por módulo, y una asistencia no inferior al 90% de las sesiones programadas (art. 35 del Reglamento de Exámenes Profesionales (REP)."
Diplomado presencial,Procedimiento de inscripción,https://titulacion.fca.unam.mx/diplomado_presencial.php#inscripcion,Abierta Permanentemente,"Procedimiento de inscripciónIMPORTANTELa documentación solicitada para este trámite deberá ser entregada de forma física y en original en la coordinación de Diplomados Presenciales y Seminarios para concluir la inscripción, y está sujeta a revisión durante todo el proceso de titulación. En caso de que el alumno no cubra los requisitos, el Departamento de Exámenes Profesionales no se hará responsable del trámite de inscripción y será cancelada sin reembolso alguno.SIN EXCEPCIÓN, NO SE ACEPTARÁ DOCUMENTACIÓN INCOMPLETA O NO LEGIBLEFCA-UNAMOTRAS FACULTADES UNAMINSTITUCIONES INCORPORADASRECURSAMIENTOVerificar que se cumple con los siguientes requisitos:Que el diplomado sea su primer registro o inscripción como opción de titulación.Alumnos que cursaron el bachillerato en la UNAM, deberán contar con el certificado de estudios de nivel bachillerato, este deberá decir ""íntegramente"". Consultar trámite en el siguiente enlace, según corresponda:ENP: http://enp.unam.mx/comunidad/#tramitesCCH: https://www.cch.unam.mx/estudiantil/control-escolarCertificado original de Estudios Profesionales (estudios íntegros), tramitar el certificado en Servicios Escolares de la Facultad.Solicitar en la ventanilla de Servicios Escolares de la FCA el Trámite de Titulación (revisión de estudios), deberá entregar su historia académica. Consultar e imprimir en el siguiente enlace.Fotografía digital reciente, a color, sin filtros y de frente, abarcando de la cabeza a los hombros.Historia académica puedes obtenerla en la siguiente página web con el 100% de créditos de acuerdo con su plan de estudios.Plan 2012 (excepto Negocios Internacionales) obligatorio contar con el registro como asignatura dentro del historial académico de:Actividades extracurriculares (actividades deportivas, culturales y de apoyo comunitario).Idioma Inglés.Servicio Social.Plan 93 y 98 contar con el registro como asignatura del idioma inglés.Plan 2006 contar con el registro como asignatura del idioma inglés y Fundamentos de Matemáticas (excepto informática).Si no cuentan con el registro de los requisitos anteriores en el historial académico solicitar información directamente en Administración Escolar de la FCA. Sin estos requisitos no se podrá continuar con el registro a su opción de titulación.Constancia de término de servicio social original, impresa a color en hoja opalina y sellada por el departamento de Servicio Social (no carta, ni ecosistema). Si no se cuenta con la constancia o es su segunda opción de titulación, solicitar una reexpedición al correo: registro_ss1@fca.unam.mx.Constancia de participación en actividades culturales, deportivas y de apoyo comunitario. Sólo alumnos de la licenciatura en Negocios Internacionales.Formato de Protesta Universitaria llenado a mano y firmado de forma autógrafa. Descarga aquíRevisar los horarios y grupos de los diplomados donde se especifican los grupos abiertos, fechas y días en los que se impartirán.Solicitar ficha de depósito al correo referenciasdiplo@fca.unam.mx por la cantidad de $9,000.00, con el asunto ""Solicitud referencia bancaria"". En el cuerpo del correo deberá indicar: licenciatura, nombre completo del alumno (a), número de cuenta, diplomado y grupo que desea cursar. Adicional, adjuntar en PDF el certificado de estudios profesionales que se tramitó en el punto 1 (Plan 85 y anteriores adjuntar historia académica actualizada).Realizar el pago correspondiente por la inscripción al diplomado en cualquier sucursal BBVA (sólo pago en efectivo a través de ventanilla o practicaja) o bien si se desea realizar transferencia esta aplicará únicamente si pertenece al mismo banco (no se aceptan transferencias interbancarias). Una vez hecho el pago no hay reembolso bajo ninguna circunstancia. La ficha de depósito es única e intransferible y no aplica para otra modalidad.Nota: Por ningún motivo pagar con tarjeta en practicaja, si va a utilizar esta vía, que sea sólo en efectivo.Realizar el registro en línea. Para ello, deberá escanear y cargar la documentación mencionada en los incisos c, d, e, f, g y h del punto 1, además del comprobante de pago emitido por el banco (todo en formato JPG a excepción de la historia académica que deberá ser en PDF, cada archivo no debe exceder 700 kb). Al terminar, descargar el acuse e imprimirlo. Regístrate aquí.Para validar su pago, enviar al correo referenciasdiplo@fca.unam.mx con el asunto ""Solicitud de CFDI"" o ""Solicitud de ticket"" según corresponda, los siguientes documentos en formato PDF de manera individual:Acuse de registro en línea.Ficha de depósito.Comprobante de pago emitido por el banco que incluya la guía CIE, número de referencia, monto y cuenta de origen (en caso de transferencia).Si requiere CFDI adjuntar en PDF la constancia de situación fiscal actualizada.En el cuerpo del correo anotar los siguientes datos:OPCIÓN 1Solicitud de CFDI anotar:Razón o denominación social.Registro Federal del Contribuyente (RFC).Código postal del domicilio fiscal.Domicilio fiscal.Régimen fiscal del receptor (consultar constancia de situación fiscal emitida por el SAT).Uso del CFDI, de acuerdo al catálogo del SAT (ejemplo de régimen y usos de CFDI).Correo electrónico (donde se enviará el CFDI).Nombre del diplomado que se cursará.Nombre completo del alumno.Importe $.Número de referencia del voucher bancario.Guía CIE del voucher bancario (NO es convenio CIE).OPCIÓN 2Solicitud de ticket anotar:Nombre del diplomado que se cursará.Nombre completo del alumno.Importe $.Número de referencia del voucher bancario.Guía CIE del voucher bancario (NO es convenio CIE).Correo electrónico del alumno.Para concluir su inscripción deberá presentarse en la Coordinación de Diplomados Presenciales y Seminarios a más tardar el siguiente día hábil después de haber realizado su registro en línea, con los documentos del punto 1 además de los siguientes:2 copias del acuse de registro en línea.Comprobante de pago emitido por el banco.Solo para alumnos de Negocios Internacionales presentar copia de la Constancia de Término de Servicio Social y de la Constancia de Participación en Actividades Culturales, Deportivas y de Apoyo Comunitario.El horario de entrega es de lunes a viernes de 10:00 a 13:30 y de 16:00 a 18:30 horas.En caso de haberse registrado o inscrito a una opción de titulación, y no cumplir con los requisitos señalados se aplicará lo estipulado en el artículo 11 del reglamento de exámenes profesionales.Si en el momento en que se reciba la documentación antes mencionada el grupo ya se encuentra saturado, no podrá ser autorizada la inscripción y deberá esperar a que se publique un nuevo grupo de diplomado presencial en la misma área, ya que bajo ninguna circunstancia hay reembolso.Una vez que la documentación se haya revisado por la Coordinación de Diplomados Presenciales y Seminarios, se le entregará su comprobante de inscripción, hasta este momento el alumno quedará inscrito de forma oficial.Para conocer la fecha de inicio, deberá dar seguimiento al estatus del grupo en el apartado de Horarios y Grupos. La fecha confirmada de inicio del diplomado será cuando en el estatus indique ""confirmado"".El Departamento de Exámenes Profesionales solicitará a la DGAE el trámite de Revisión de Estudios, por lo que aproximadamente tres meses después de haber iniciado el diplomado deberá consultar su trámite de Titulación en la página de la DGAE, ubique el apartado de Revisión de Estudios y verifique que no tenga irregularidades y aparezca la leyenda ""ninguna"" en el renglón 9 y una fecha en el renglón 10. Si presenta alguna irregularidad, presentarse inmediatamente a solucionarlo directamente en la DGAE, ubicada a un costado del metro CU.NOTAEl Área de Exámenes Profesionales se reserva el derecho de diferir o cancelar el inicio de los Diplomados hasta reunir el mínimo de alumnos o por causa de fuerza mayor.El registro en línea NO garantiza un lugar para cursar la opción.Una vez iniciado el proceso, bajo ninguna circunstancia habrá cambio de grupo, área o modalidad."
Diplomado presencial,Horarios y grupos,https://titulacion.fca.unam.mx/diplomado_presencial.php#horarios,Abierta Permanentemente,No aplica
Diplomado presencial,Temarios,https://titulacion.fca.unam.mx/diplomado_presencial.php#temarios,Abierta Permanentemente,No aplica
Diplomado presencial,Convocatoria para trámite de título profesional,https://titulacion.fca.unam.mx/diplomado_presencial.php#convocatoria_po,Abierta Permanentemente,No aplica
Diplomado presencial,Procedimiento para trámite de título profesional,https://titulacion.fca.unam.mx/diplomado_presencial.php#procedimiento_po,Abierta Permanentemente,No aplica
Diplomado línea,En qué consiste,https://titulacion.fca.unam.mx/diplomado_linea.php#consiste,Abierta Permanentemente,"¿En qué consiste?El Diplomado en Línea como opción de titulación, es un conjunto de estudios sobre temas muy específicos de la licenciatura, con una duración mínima de 240 horas, divididas en diferentes módulos. El objetivo de esta opción es que el alumno se actualice y profundice en alguna de las áreas de conocimiento, cuyo modelo educativo ex profeso para la Educación a Distancia permitirá al estudiante la construcción de su propio proceso de enseñanza-aprendizaje a través de la retroalimentación y el refuerzo del conocimiento por medio de las herramientas de Internet para la Educación en Línea (chat, foro de discusión, mensajes en plataforma, entre otros), ofreciendo así la oportunidad de llevar a la práctica profesional los conocimientos adquiridos.¿Para quién es idónea esta opción?Para alumnos que:Ser el diplomado su primer registro o inscripción como opción de titulación.Se les facilite ser autodidáctas.Por diversas situaciones sobre todo de carácter laboral y personal no disponen de tiempo para poder asistir de manera presencial para cursar el diplomado.Residen en zonas geográficas alejadas.Quieren aprender más en tiempo y espacios adecuados, sin afectar las actividades en el trabajo ni depender de tiempos fijos para realizarlo.Deseen enriquecer su currículo con un diplomado universitario.Estén preparados para estudiar de forma independiente.Nota: Esta opción de titulación se realiza en línea, a excepción de todo trámite administrativo el cual se lleva a cabo de manera presencial.CARACTERÍSTICASTienen el mismo rigor académico-administrativo que los diplomados presenciales, salvo por algunos requisitos adicionales sobre todo de carácter técnico y de conocimientos en computación que hay que cumplir.Operan totalmente bajo el modelo educativo en línea (a distancia).Están diseñados bajo un modelo instruccional que permiten que el estudiante partícipe de su proceso de enseñanza-aprendizaje y pueda cumplir con los objetivos del programa al finalizar el diplomado.Las asesorías son vía chat (sala de plática), los horarios son variables.La asistencia a las asesorías vía chat no se considera dentro de los requisitos de acreditacion.HERRAMIENTASChat (comunicación sincrónica).Foro (comunicación asincrónica).Sitios de interés.Exámenes en línea.Material didáctico.¿CÓMO SE ACREDITA?Se acredita cuando el alumno entregue todas las actividades y presente el examen final en tiempo y forma de acuerdo al plan de trabajo del asesor y concluya cada uno de los módulos con una calificación mínima de 8.0.Para generaciones 92 y anteriores, la opción de titulación deberá estar registrada en la historia académica.REQUISITOS ESPECÍFICOSTener conocimientos en computación para el desarrollo de las actividades.Contar con equipo de computo, tal como: computadora de escritorio o laptop con acceso a Internet.Disponer del tiempo necesario para el estudio independiente, entregar las actividades y presentar el examen final de acuerdo al plan de trabajo del asesor."
Diplomado línea,Procedimiento de inscripción,https://titulacion.fca.unam.mx/diplomado_linea.php#inscripcion,Abierta Permanentemente,"Procedimiento de inscripciónFCA-UNAMFACULTADES Y FES-UNAMINSTITUCIONES INCORPORADASRECURSAMIENTOAntes de iniciar con el registro a esta opción de titulación se requiere:Ser el diplomado su primer registro o inscripción como opción de titulación.Alumnos que cursaron el bachillerato en la UNAM, deberán contar con el certificado de estudios de nivel bachillerato, este deberá decir “íntegramente”. Consultar trámite en el siguiente enlace, según corresponda:ENP: http://enp.unam.mx/comunidad/#tramitesCCH: https://www.cch.unam.mx/estudiantil/control-escolarContar con el certificado de estudios profesionales de la licenciatura, este deberá decir “íntegramente”. Solicitarlo en la oficina de Servicios Escolares de la FCA*.*Nota: Si eres plan 85 o anterior el certificado se deberá tramitar al finalizar el diplomado, ya que este deberá aparecer como asignatura dentro de la historia académica.Solicitar en la ventanilla de Servicios Escolares de la FCA el Trámite de Titulación (revisión de estudios), deberá entregar su historia académica. Consultar e imprimir en el siguiente enlace.Fotografía tomada con celular (del pecho hacia arriba), reciente, a color y sin filtros.Historia académica, actualizada con el 100% de créditos de acuerdo con tu plan de estudios, obtenerla en el siguiente enlace.Plan 2012 y posteriores, obligatorio contar con el registro (a excepción de la licenciatura de Negocios Internacionales), como asignatura dentro de la historia académica:Actividades extracurriculares (puntos deportivos y culturales)Idioma InglésServicio SocialComo se muestra en la imagen siguiente:Plan 93, 98 y 2006 solo el Idioma inglés, como asignatura dentro de la historia académica.Notas:En caso de no contar con los requisitos anteriores, solicitar información directamente en Administración Escolar de la FCA.Sin estos requisitos dentro de la historia académica no se podrá continuar con el registro a su opción de titulación.El departamento de Exámenes Profesionales no se hará responsable del trámite de titulación y será cancelado sin reembolso alguno.Constancia de término de servicio social original, impresa a color en hoja opalina y sellada por el Departamento de Servicio Social (no carta, ni ecosistema).Constancia de actividades extracurriculares (deportivos y culturales), sólo para alumnos de la licenciatura en Negocios Internacionales.Llenar formato de Protesta Universitaria.Consultar grupos abiertos en el rubro “grupos disponibles”.Cumpliendo con todos los requisitos anteriores, solicitar ficha de depósito por la cantidad de $9,000.00, para ello, mandar al correo diplo_linea@fca.unam.mx nombre del alumno (a), número de cuenta, diplomado, grupo que desea cursar, monto de la ficha de depósito. Además, en ese mismo correo se debe adjuntar en pdf:Trámite de Titulación (revisión de estudios), consultar en el siguiente enlace.Certificado de estudios de la licenciatura (Plan 85 y anteriores adjuntar historia académica actualizada, obtenerla en el siguiente enlace).Alumnos que cursaron el bachillerato en la UNAM, deberán adjuntar en pdf su certificado de estudios de bachillerato.Una vez solicitada la ficha de depósito y efectuado el pago, bajo ninguna circunstancia habrá cambio de modalidad (presencial a en línea o viceversa), no hay reembolso del mismo y las fichas de referencias son únicas e intransferibles.El pago deberá realizarse en efectivo en la ventanilla de cualquier sucursal BBVA (PROHIBIDO pagar con cualquier tarjeta bancaria o cheque), o con transferencia si tiene cuenta con el banco BBVA.Elaborado el pago, realizar registro de inscripción en el siguiente enlace, se deberán cargar los documentos solicitados por el sistema en formato JPG, a excepción de la historia académica que deberá ser en formato PDF (cada archivo no debe exceder 700 kb). Al terminar, el sistema proporciona un comprobante de inscripción, imprimir en hoja tamaño carta el documento, se solicitará para trámites posteriores:Notas:Bajo ninguna circunstancia habrá cambio de modalidad, grupo y/o área.Si algún documento solicitado por el sistema no se carga, se cancelará la inscripción sin responsabilidad para la FCA.El alumno deberá considerar que su situación académica y documental está sujeta a revisión antes, durante y después del proceso de titulación.Para garantizar su lugar es obligatorio validar su inscripción el mismo día del registro, para ello, mandar al correo diplo_linea@fca.unam.mx los siguientes documentos en PDF:Comprobante de inscripción (el sistema lo proporciona al finalizar su registro de inscripción).Comprobante de pago emitido por el banco.Es obligatorio enviar en el cuerpo del correo una de las siguientes dos opciones (en caso de optar por CFDI adjuntar la constancia de situación fiscal actualizada).Favor de poner en asunto del correo: Solicitud de CFDI / Solicitud de ticket (según corresponda).OPCIÓN 1En caso de solicitud de CFDI mandar:Razón o denominación socialRegistro Federal del Contribuyente (RFC)Código postal del domicilio fiscalDomicilio fiscalRégimen fiscal del receptor (consultar constancia de situación fiscal emitida por el SAT)Uso del CFDI, de acuerdo al catálogo del SAT: (ejemplos de régimen y usos de CFDI)Correo electrónico (donde se enviará el CFDI)Nombre del diplomado que se cursaráNombre completo del alumnoImporte $Número de referencia del voucher bancarioGuía CIE del voucher bancario (NO es convenio CIE)OPCIÓN 2En caso de solicitar ticket mandar:Nombre del diplomado que se cursaráNombre completo del alumnoImporte $Número de referencia del voucher bancarioGuía CIE del voucher bancario (NO es convenio CIE)Correo electrónico del alumnoDespués de validar su registro, revisar constantemente la página de diplomado en línea en el rubro “grupos disponibles” para consultar la fecha real de inicio del diplomado, la cual será definitiva (la fecha ya no se mueve) cuando en el status diga “CONFIRMADO”. El grupo se confirma con un mínimo de alumnos requerido para su apertura, de lo contrario la fecha se recorre.A más tardar, tres días antes de la fecha de inicio del diplomado recibirá un correo electrónico con lineamientos generales y las claves de acceso para poder ingresar a la plataforma educativa.Para la entrega de los documentos del punto 1 (a excepción de la fotografía) recibirán un correo de diplo_linea@fca.unam.mx, para confirmar fecha y hora de recepción de los mismos.Notas:Dichos documentos deberán ser entregados en original y de manera presencial en el Departamento de Exámenes Profesionales, cubículo 2. En caso de no entregarlos en tiempo y forma la inscripción se cancelará sin responsabilidad para la FCA.Sin excepción, no se recibe documentación incompleta ni en mal estado.Aproximadamente quince días después de haber solicitado su Trámite de Titulación (revisión de estudios) en la ventanilla de servicios escolares de la FCA, deberá verificar diariamente en la página de la DGAE enlace la autorización del trámite de titulación, esta se encuentra autorizada cuando tenga fecha en el renglón 10. Si presenta alguna irregularidad presentarse inmediatamente en la DGAE, ubicada a un costado del metro CU.NOTA:Esta opción de titulación se realizará en línea, a excepción de todo trámite administrativo el cual se llevará a cabo de manera presencial."
Diplomado línea,Grupos disponibles,https://titulacion.fca.unam.mx/diplomado_linea.php#horarios,Abierta Permanentemente,No aplica
Diplomado línea,Temarios,https://titulacion.fca.unam.mx/diplomado_linea.php#temarios,Abierta Permanentemente,No aplica
Diplomado línea,Convocatoria para trámite de título profesional,https://titulacion.fca.unam.mx/diplomado_linea.php#convocatoria_po,Abierta Permanentemente,No aplica
Diplomado línea,Procedimiento para trámite de título profesional,https://titulacion.fca.unam.mx/diplomado_linea.php#procedimiento_po,Abierta Permanentemente,No aplica
Diplomado línea,Ingreso a la plataforma,https://titulacion.fca.unam.mx/diplomado_linea.php#plataforma,Abierta Permanentemente,No aplica
Diplomado inglés,En qué consiste,https://titulacion.fca.unam.mx/diplomado_ingles.php#consiste,Abierta Permanentemente,"¿En qué consiste?El diplomado presencial en idioma Inglés, tiene una duración de 276 horas obligatorias, y 40 horas adicionales (opcionales) que se imparte totalmente en idioma inglés, de manera presencial. Es un programa de alto nivel académico, basado en avances teórico-prácticos de la administración de negocios, y que transmite a los participantes conocimientos especializados y técnicas eficientes de la administración, permitiéndoles desarrollar habilidades personales, gerenciales y analíticas para su desempeño profesional.Este programa ofrece al participante una formación extensiva en el campo de los negocios, con un amplio enfoque, que les permite detectar oportunidades de negocio y fortalecer sus capacidades. El programa también incluye evaluación de riesgos de negocios, así como también actividades para mejorar las habilidades de los participantes en la toma de decisiones, negociación y nuevas formas de comunicación.¿Para quién es idónea esta opción?Para alumnos que el diplomado sea su primer registro o inscripción como opción de titulación.Estudiantes egresados de las Licenciaturas en Contaduría, Administración e Informática de la FCA e instituciones incorporadas a la UNAM que deseen obtener su título profesional.Egresados de las diferentes Licenciaturas de los diversos planteles de la FES y otras Facultades de la UNAM, que deseen obtener su título profesional.Para alumnos de Instituciones de Educación Superior afiliadas a la Asociación Nacional de Facultades y Escuelas de Contaduría y Administración (ANFECA) que deseen fortalecer y actualizar sus conocimientos en el área de negocios con un diplomado impartido en idioma inglés.¿Cómo se acredita?Como opción de titulación:El Diplomado se acredita al aprobar los ocho módulos obligatorios (276 horas) con una calificación mínima de 8.0 en cada uno, y una asistencia no inferior al 90% de las sesiones programadas (art. 35 del Reglamento de Exámenes Profesionales).Como actualización:Aprobar todos los módulos con una calificación mínima de 8.0 en cada uno de ellos, para recibir el diploma correspondiente."
Diplomado inglés,Procedimiento de inscripción,https://titulacion.fca.unam.mx/diplomado_ingles.php#inscripcion,Abierta Permanentemente,"Procedimiento de inscripciónIMPORTANTELa documentación solicitada para este trámite deberá ser entregada de forma física y en original en la coordinación de Diplomados Presenciales y Seminarios para concluir la inscripción, y está sujeta a revisión durante todo el proceso de titulación. En caso de que el alumno no cubra los requisitos, el Departamento de Exámenes Profesionales no se hará responsable del trámite de inscripción y será cancelada sin reembolso alguno.SIN EXCEPCIÓN, NO SE ACEPTARÁ DOCUMENTACIÓN INCOMPLETA O NO LEGIBLEFCA-UNAMOTRAS FACULTADES UNAMEX-ALUMNOS UNAMINCORPORADASEXTERNOS A LA UNAMRECURSAMIENTOVerificar que se cumple con los siguientes requisitos:Que el diplomado sea su primer registro o inscripción como opción de titulación.Alumnos que cursaron el bachillerato en la UNAM, deberán contar con el certificado de estudios de nivel bachillerato, este deberá decir ""íntegramente"". Consultar trámite en el siguiente enlace, según corresponda:ENP: http://enp.unam.mx/comunidad/#tramitesCCH: https://www.cch.unam.mx/estudiantil/control-escolarCertificado de estudios profesionales integro (estudios completos). Tramitarlo en la oficina de Servicios Escolares de la FCA.Fotografía digital reciente, a color, sin filtros, de frente abarcando de la cabeza a los hombros.Historia académica, puedes obtenerla en la siguiente página web con el 100% de créditos de acuerdo con su plan de estudios. Plan 2012 obligatorio contar con el registro como asignatura dentro del historial académico de:Actividades extracurriculares (actividades deportivas, culturales y de apoyo comunitario).Idioma Inglés.Servicio Social.Plan 93 y 98 contar solo con el registro del idioma inglés.Plan 2006 contar con el registro del idioma inglés y la asignatura Fundamentos de Matemáticas (excepto informática).Notas:Si no cuentan con el registro de los requisitos anteriores en la historia académica solicitar información directamente en Administración Escolar de la FCA (a excepción de Negocios Internacionales).Sin estos requisitos no se podrá continuar con el registro a su opción de titulación.Constancia de servicio social original, impresa a color en hoja opalina y sellada por el departamento de Servicio Social (no carta, ni ecosistema). Si no se cuenta con la constancia o es su segunda opción de titulación, solicitar una reexpedición al correo: registro_ss1@fca.unam.mx.Constancia de participación en actividades culturales, deportivas y de apoyo comunitario. Sólo alumnos de la licenciatura en Negocios Internacionales.CURP impresa en horizontal y deberá abarcar una hoja tamaño carta. ejemploFormato de Protesta Universitaria llenado a mano y firmado de forma autógrafa descarga aquíRevisar los horarios y grupos de los diplomados, donde se especifican los grupos abiertos, fechas y días en los que se impartirán.Solicitar ficha de depósito al correo referenciasdiplo@fca.unam.mx con el asunto ""Solicitud referencia bancaria"", conforme a la siguiente información:Costo del diplomado $35,000Alumnos FCA cuentan con un descuento del 40% en el pago del diplomado, por lo que el importe a pagar será el siguiente, el cual podrán diferir en parcialidades (preguntar el procedimiento en la Coordinación). $21,000.00En el cuerpo del correo deberá indicar:Licenciatura.Nombre completo.Número de cuenta.Diplomado.Grupo.Adicional, adjuntar en PDF el certificado de estudios profesionales que se tramitó en el punto 1 (Plan 85 y anteriores adjuntar historia académica actualizada).Realizar el pago correspondiente por la inscripción al diplomado en cualquier sucursal BBVA (sólo pago en efectivo a través de ventanilla o practicaja) o bien si se desea realizar transferencia esta aplicará únicamente si pertenece al mismo banco (No se aceptan transferencias interbancarias). Una vez hecho el pago no hay reembolso bajo ninguna circunstancia. La ficha de depósito es única e intransferible y no aplica para otra modalidad.Nota: Por ningún motivo pagar con tarjeta en practicaja, si va a utilizar esta vía, que sea sólo en efectivo.Realizar el registro en línea. Para ello, deberá escanear y cargar la documentación mencionada en el punto 1, además del comprobante de pago emitido por el banco (todo en formato JPG a excepción de la historia académica que deberá ser en PDF, cada archivo no debe exceder 700 kb). Al terminar, descargar el acuse e imprimirlo. Registrate aquí.Para validar su pago, enviar al correo referenciasdiplo@fca.unam.mx con el asunto Solicitud de CFDI o Solicitud de ticket (según corresponda) los siguientes documentos en formato PDF de manera individual:Acuse de registro en línea.Comprobante de pago emitido por el banco que incluya la guía CIE, número de referencia, monto y cuenta de origen (en caso de transferencias).Formato de parcialidades con firma autógrafa (en su caso).Si requiere CFDI adjuntar en PDF la constancia de situación fiscal actualizada.En el cuerpo del correo anotar los siguientes datos (según corresponda):OPCIÓN 1Solicitud de CFDI anotar:Razón o denominación social.Registro Federal del Contribuyente (RFC).Código postal del domicilio fiscal.Domicilio fiscal.Régimen fiscal del receptor (consultar constancia de situación fiscal emitida por el SAT).Uso del CFDI, de acuerdo al catálogo del SAT (ejemplo de régimen y usos de CFDI).Correo electrónico (donde se enviará el CFDI).Nombre del diplomado que se cursará.Nombre completo del alumno.Importe $.Número de referencia del voucher bancario.Guía CIE del voucher bancario (NO es convenio CIE).OPCIÓN 2Solicitud de ticket anotar:Nombre del diplomado que se cursará.Nombre completo del alumno.Importe $.Número de referencia del voucher bancario.Guía CIE del voucher bancario (NO es convenio CIE).Correo electrónico del alumno.Para concluir su inscripción deberá presentarse en la Coordinación de Diplomados presenciales y Seminarios a más tardar el siguiente día hábil después de haber realizado su registro en línea, con los documentos del punto 1 además de los siguientes:2 copias del acuse de registro en líneaComprobante de pago emitido por el banco.Formato de parcialidades con firma autógrafa (en su caso).El horario de entrega es de lunes a viernes de 10:00 a 13:30 y de 16:00 a 18:30 horas.En caso de haberse registrado o inscrito a una opción de titulación, y no cumplir con los requisitos señalados se aplicará lo estipulado en el artículo 11 del reglamento de exámenes profesionales.NOTA: Si en el momento en que se reciba la documentación antes mencionada el grupo ya se encuentra saturado, no podrá ser autorizada la inscripción y deberá esperar a que se publique un nuevo grupo de diplomado presencial en la misma área, ya que bajo ninguna circunstancia hay reembolso.Una vez que la documentación se haya revisado por la Coordinación de Diplomados Presenciales y Seminarios, se le entregará su comprobante de inscripción, hasta este momento el alumno quedará inscrito de forma oficial.Para conocer la fecha de inicio, deberá dar seguimiento al estatus del grupo en el apartado de Horarios y Grupos. La fecha confirmada de inicio del diplomado será cuando en el estatus indique “confirmado” o “confirmado y saturado”.El Departamento de Exámenes Profesionales solicitará a la DGAE el trámite de Revisión Documental, por lo que aproximadamente tres meses después de haber iniciado el diplomado, deberá consultar diariamente en la página de la DGAE, la autorización de su Revisión Documental, esta se encuentra autorizada cuando aparezca la leyenda “ninguna” en el renglón 9 y una fecha en el renglón 10. Si presenta alguna irregularidad, presentarse inmediatamente a solucionarlo directamente en la DGAE, ubicada a un costado del metro CU.NOTAEl Área de Exámenes Profesionales se reserva el derecho de diferir o cancelar el inicio de los Diplomados hasta reunir el mínimo de alumnos o por causa de fuerza mayor.El registro en línea NO garantiza un lugar para cursar la opción.Una vez iniciado el proceso, bajo ninguna circunstancia habrá cambio de grupo, área o modalidad."
Diplomado inglés,Horarios y grupos,https://titulacion.fca.unam.mx/diplomado_ingles.php#horarios,Abierta Permanentemente,No aplica
Diplomado inglés,Temarios,https://titulacion.fca.unam.mx/diplomado_ingles.php#temarios,Abierta Permanentemente,No aplica
Diplomado inglés,Convocatoria para trámite de título profesional,https://titulacion.fca.unam.mx/diplomado_ingles.php#convocatoria_po,Abierta Permanentemente,No aplica
Diplomado inglés,Procedimiento para trámite de título profesional,https://titulacion.fca.unam.mx/diplomado_ingles.php#procedimiento_po,Abierta Permanentemente,No aplica
Diseño,En qué consiste,https://titulacion.fca.unam.mx/disenio.php#consiste,Abierta Permanentemente,"¿En qué consiste?En qué consiste esta opciónEl Diseño de un Sistema o Proyecto consiste en la realización de un trabajo escrito que adopte alguna de las siguientes tres modalidades:Programa implantado. Bajo esta modalidad el trabajo escrito deberá plantear, desarrollar y documentar la resolución que se haya dado a un problema real de una organización en el que el alumno haya participado.Propuesta organizacional. El trabajo deberá justificar teóricamente una propuesta para resolver un problema real de una organización.Plan de negocios. Desarrollar una propuesta teórica para la creación de una nueva empresa privada o de tipo social.Para la realización del Sistema o Proyecto, el alumno elegirá un asesor de la plantilla de asesores aprobados, preferentemente de su propia licenciatura y área de conocimiento. El asesor lo dirigirá en la metodología, le dará su opinión técnica acerca del planteamiento, desarrollo y solución a los problemas expuestos en el trabajo, le sugerirá la bibliografía pertinente y expedirá la calificación de su trabajo.¿Para quién es idónea esta opción?Para alumnos que:Tengan experiencia laboral, preferentemente en el área de conocimiento elegida de la licenciatura correspondiente.Posean espíritu pragmático y creativo.Deseen aprovechar experiencias en trabajos realizados en el desempeño profesional.¿Cómo se acredita?Esta opción se considerará acreditada en el momento que el alumno concluya totalmente su Diseño de un Sistema o Proyecto; el asesor registre en el acta la calificación aprobatoria y el alumno entregue la carta de aprobación del trabajo, firmada por el asesor.Para generaciones 92 y anteriores, la opción de titulación deberá estar registrada en la historia académica.DuraciónEl Diseño de un Sistema o Proyecto tendrá una duración máxima de dos semestres y podrá prorrogarse un semestre más a solicitud escrita del asesor.La reinscripción a la opción de titulación de Diseño de un Sistema o Proyecto se llevará a cabo semestralmente y de manera consecutiva."
Diseño,Procedimiento de inscripción y acreditación,https://titulacion.fca.unam.mx/disenio.php#inscripcion,Abierta Permanentemente,Procedimiento de inscripción y acreditaciónFCA-UNAMINSTITUCIONES INCORPORADASInscripciónReinscripción y prórrogaAcreditación
Diseño,Asesores,https://titulacion.fca.unam.mx/disenio.php#asesores,Abierta Permanentemente,No aplica
Diseño,Lineamientos generales del trabajo escrito,https://titulacion.fca.unam.mx/disenio.php#lineamientos,Abierta Permanentemente,No aplica
Diseño,Convocatoria para prueba oral,https://titulacion.fca.unam.mx/disenio.php#convocatoria_po,Abierta Permanentemente,No aplica
Diseño,Procedimiento para prueba oral,https://titulacion.fca.unam.mx/disenio.php#procedimiento_po,Abierta Permanentemente,No aplica
Especialización,En qué consiste,https://titulacion.fca.unam.mx/especializacion.php#consiste,03 al 17 febrero 2026,"¿En qué consiste?Esta opción consiste en obtener el 100% de los créditos de alguna de las especializaciones que se imparten en la División de Estudios de Posgrado de la Facultad a fin de dar respuesta a la necesidad social de formación y actualización de especialistas en las áreas de Fiscal, Alta Dirección, Mercadotecnia, Recursos Humanos y Administración Gerontológica, obteniendo así el título de Licenciado.¿PARA QUIÉN ES IDÓNEA ESTA OPCIÓN?Para aquellos alumnos que:Deseen ampliar su formación académica a través de los Programas de Especializaciones que ofrece la División de Estudios de Posgrado en sus diferentes áreas de Administración Gerontológica, Mercadotecnia, Recursos Humanos, Alta Dirección y Fiscal.Busquen la obtención del Título Profesional al mismo tiempo que cursan una especialidad.Deseen enriquecer su currículo con una especialidad universitaria.Dispongan del tiempo suficiente para cursar todas las asignaturas correspondientes a la especialidad en el periodo de tiempo preestablecido.¿CÓMO SE ACREDITA?Los estudios de Especialización se aprobarán, para efectos de titulación, cuando el alumno demuestre ante el Departamento de Exámenes Profesionales, por medio de su Historia Académica Oficial que otorga la especialización, que ha obtenido el 100% de los créditos, que cuenta con una calificación de 9.0 (nueve) en cada una de las asignaturas cursadas y que ha realizado la especialidad dentro del periodo de tiempo límite establecido en el plan de estudios correspondiente.RequisitosGeneralesHaber acreditado todas las asignaturas del plan de estudios que corresponda a su licenciatura. Para la generación 2006 y posteriores el alumno verificará que cumpla con las asignaturas optativas complementarias (módulo I) y las asignaturas optativas profesionalizantes (módulo II) en su totalidad y de acuerdo con su plan de estudios.Haber cumplido con el servicio social, conforme a lo establecido en la Legislación Universitaria, lo que se comprobará con la entrega de la constancia expedida por la Dirección General de Orientación y Servicios Educativos (constancias expedidas en 1992 y años anteriores, solicitar una actualización en las oficinas de Servicio Social de la FCA).En el caso de plan 2012, el alumno verificará que aparezcan (además de los créditos de acuerdo con su plan de estudios) cargados, el Servicio Social, el idioma inglés y los puntos culturales y deportivos.EspecíficosHaber obtenido un promedio mínimo general de 9.0 (nueve) en la licenciatura.Inscribirse en la División de Estudios de Posgrado, presentando el comprobante de inscripción como opción de titulación emitido por el departamento de Exámenes Profesionales de acuerdo a la convocatoria de la División de Posgrado.Contar con la Constancia de Nivel Intermedio en el idioma inglés acreditada por la UNAM. (aún las personas que en su plan de estudios no es obligatorio).Cumplir con todos los requisitos que demanda la División de Estudios de Posgrado, a excepción del Título y la Cédula Profesional."
Especialización,Procedimiento de inscripción,https://titulacion.fca.unam.mx/especializacion.php#inscripcion,03 al 17 febrero 2026,"Procedimiento de inscripciónConsultar la convocatoria y procedimiento de inscripción a la Opción de Titulación por Especialización publicada en la página de Internet de la Facultad.Verificar que cuenta con la siguiente documentación:Fotografía digital, reciente, a color y sin filtrosHistoria académica (formato PDF), puedes obtenerla en la siguiente página web con el 100% de créditos de acuerdo con tu plan de estudios.Plan 2012 obligatorio deberá tener reflejado dentro del historial académico los siguientes requisitos:Actividades extracurricularesIdioma InglésServicio SocialSi no cuentan con el registro de los requisitos anteriores en el historial académico, solicitar información directamente en Administración Escolar de la FCA (a excepción de Negocios Internacionales). Sin estos requisitos no se podrá continuar con el registro a su opción de titulación.Constancia de servicio social original, impresa a color en hoja opalina y sellada por el departamento de Servicio Social (no carta, ni ecosistema)Constancia de puntos culturales y deportivos. Sólo alumnos de la licenciatura en Negocios InternacionalesActa de nacimiento original o copia certificada emitida por el Registro Civil en perfecto estado (no rota, sin tachaduras ni enmendaduras, no subrayada ni sellada por otras instancias). Se acepta el acta obtenida en línea, siempre y cuando sea impresa a colorCertificado original de estudios anteriores al ingreso a la UNAM (sólo los alumnos cuyo número de cuenta inicie con 1, 306, 307, 308, 309, 310 y 311).Certificado de estudios de nivel bachillerato íntegro (sólo alumnos que cursaron su nivel medio superior en la UNAM).Certificado original de estudios profesionales íntegros.CURP actualizada en horizontal y deberá abarcar una hoja tamaño carta (sólo los alumnos cuyo número de cuenta inicie con 1, 306, 307, 308, 309, 310 y 311). (Ejemplo)Formato de Protesta Universitaria (Ejemplo)Carta Compromiso de Permanencia en Especialización (Ejemplo)Realizar el registro en línea realiza tu trámite - clic aquí. Para ello, deberá escanear y cargar la documentación mencionada en el punto 2 (todo en formato JPG a excepción del historial académico que deberá ser en PDF). Al terminar, descargar el acuse e imprimirlo en dos tantos.Para garantizar su lugar deberá acudir a la Coordinación de Especialización (cubículo 6 de Exámenes Profesionales) a entregar los documentos del punto 2, además de los dos acuses de registro en línea, en un horario de atención de lunes a viernes de 09:00 a 13:30 y de 16:00 a 18:30 hrs.Los registros que no se concluyan conforme a lo estipulado en este punto serán eliminados.Una vez que la documentación se haya revisado por la Coordinación de Especialización, y hayan aprobado los exámenes aplicados por la División de Posgrado, se le entregará su comprobante de inscripción. Hasta este momento, el alumno quedará inscrito de forma oficial.Nota: Si faltara algún documento o formato, la inscripción será cancelada.Nota: En caso de que el alumno no haya obtenido el 100% de créditos necesarios para efectos de titulación en el lapso de tiempo de dos semestres a partir de su primera inscripción, o tenga una calificación inferior a 9.0 en alguna asignatura, se considerará no acreditada la opción de titulación y deberá realizar su prueba escrita en otra que lo permita el Reglamento de Exámenes Profesionales de la Facultad (artículo 11).Una vez que se aprobaron los exámenes y en el transcurso de la especialización, deberá tomar en cuenta los siguientes puntos:Entregar en el cubículo 4 de Exámenes Profesionales, al inicio del semestre, copia del comprobante de inscripción.Al término del primer semestre, entregar en el cubículo 6 de Exámenes Profesionales, la historia académica parcial que demuestre la aprobación del 50% de los créditos.Aprobar el 100% de los créditos de la Especialidad en la que se haya inscrito con una calificación de 9.0 (nueve) en cada una de las asignaturas y realizarla dentro del periodo de tiempo límite establecido en el plan de estudios correspondiente.Al término del segundo semestre y una vez que se cuente con el 100% de créditos de la especialización, entregar de forma inmediata en el cubículo 4 de Exámenes Profesionales:Consulta de trámite de titulación de licenciatura (revisión de estudios)Historial Académico oficial emitido por la División de Posgrado donde conste que ha concluido con sus estudios de Especialización.Certificado íntegro de estudios de PosgradoNOTA: El registro en línea NO garantiza un lugar para cursar la opción."
Especialización,Convocatoria para título profesional,https://titulacion.fca.unam.mx/especializacion.php#convocatoria,03 al 17 febrero 2026,No aplica
Especialización,Procedimiento para título profesional,https://titulacion.fca.unam.mx/especializacion.php#procedimiento_titulo,03 al 17 febrero 2026,No aplica
Examen general de conocimientos,En qué consiste,https://titulacion.fca.unam.mx/examen.php#consiste,27 julio al 13 agosto 2026,"¿En qué consiste?En qué consiste esta opciónEsta opción consiste en presentar un examen escrito, el cual abarcará reactivos de todas las asignaturas obligatorias de la licenciatura cursada y del plan de estudios vigente. El objetivo de esta opción, es que, el sustentante pueda demostrar que los conocimientos adquiridos durante su estancia como alumno de la licenciatura, son los suficientes para ejercerla, asimismo, satisfacer la prueba escrita del examen profesional para obtener el título profesional.¿Para quién es idónea esta opción?Para alumnos que no disponen de tiempo suficiente para acudir de manera presencial a alguna de las opciones de cursos.Para aquellas personas que se sienten más seguros al realizar una prueba escrita y no oral.Para quienes tienen la facilidad de estudiar y prepararse por cuenta propia.¿Cómo se acredita?El Examen constará del suficiente número de reactivos de opción múltiple que den representatividad del conocimiento, y se acreditará si un mínimo de 80% de los reactivos que lo compongan están contestados correctamente. En caso de que el alumno no acredite el examen, podrá volverlo a solicitar una vez más y transcurrido un periodo de seis meses desde la fecha en que quedó suspendido (realizando nuevamente el pago correspondiente).Debido a que éste es un Examen Profesional, no existe revisión posterior al examen, ni entrega del mismo, así como información sobre la calificación numérica, siendo el resultado del jurado inapelable."
Examen general de conocimientos,Procedimiento de inscripción,https://titulacion.fca.unam.mx/examen.php#inscripcion,27 julio al 13 agosto 2026,"Procedimiento de inscripciónFCA - UNAMINSTITUCIONES INCORPORADASIMPORTANTELa documentación solicitada para este trámite deberá ser entregada de forma física y en original una vez que sea requerida por la coordinación de Examen General de Conocimientos y está sujeta a revisión durante todo el proceso de titulación. En caso de que el alumno no cubra los requisitos, el Departamento de Exámenes Profesionales no se hará responsable del trámite de inscripción y será cancelado sin reembolso alguno ni contemplaciones para futuras convocatorias.SIN EXCEPCIÓN, NO SE ACEPTARÁ DOCUMENTACIÓN INCOMPLETA O NO LEGIBLEVerificar que se cumple con los siguientes requisitos:Alumnos que cursaron el bachillerato en la UNAM, deberán contar con el certificado de estudios de nivel bachillerato ,este deberá decir ""íntegramente"". Consultar trámite en el siguiente enlace, según corresponda:ENP: http://enp.unam.mx/comunidad/#tramitesCCH: https://www.cch.unam.mx/estudiantil/control-escolarCertificado original de Estudios Profesionales (estudios íntegros), tramitar el certificado en la ventanilla de Servicios Escolares de la Facultad.Solicitar en la ventanilla de Servicios Escolares de la FCA el Trámite de Titulación (revisión de estudios), deberá entregar su historia académica. Consultar e imprimir en el siguiente enlaceFotografía digital reciente, a color, sin filtros y de frente, abarcando de la cabeza a los hombros.Historia académica, puedes obtenerla en la siguiente página web con el 100% de créditos de acuerdo con su plan de estudios.Plan 2023 obligatorio contar con el registro como asignatura dentro de la historia académica de:Actividades de formación integral (actividades deportivas, culturales y de responsabilidad social).Idioma Inglés a nivel intermedio.Servicio Social.Plan 2012 (excepto Negocios Internacionales) obligatorio contar con el registro como asignatura dentro de la historia académica de:Actividades extracurriculares (actividades deportivas, culturales y de apoyo comunitario).Idioma Inglés a nivel intermedio.Servicio Social.Plan 93 y 98 contar con el registro como asignatura del idioma inglés. Plan 2006 contar con el registro como asignatura del idioma inglés y Fundamentos de Matemáticas (excepto informática).Si no cuentan con el registro de los requisitos anteriores en el historial académico solicitar información directamente en Administración Escolar de la FCA. Sin estos requisitos no se podrá continuar con el registro a su opción de titulación.Constancia de término de servicio social original, impresa a color en hoja opalina y sellada por el departamento de Servicio Social (no carta, ni ecosistema). Si no se cuenta con la constancia o es su segunda opción de titulación, solicitar una reexpedición al correo: registro_ss1@fca.unam.mx.Constancia de participación en actividades culturales, deportivas y de apoyo comunitario. Sólo alumnos de la licenciatura en Negocios Internacionales.Formato de Protesta Universitaria llenado a mano y firmado de forma autógrafa. Descarga aquíRevisar la convocatoria vigente con la finalidad de verificar si el departamento de Exámenes Profesionales se encuentra en periodo de inscripciones.Realizar el registro en línea. Para ello, deberá escanear y cargar la documentación mencionada en los incisos a, b, c, d, e, f, g y h del punto 1, (todo en formato JPG a excepción de la historia académica que deberá ser en PDF, cada archivo no debe exceder 700kb). Al terminar, descargar el acuse e imprimir dos tantos. Regístrate aquíSolicitar la ficha de pago referenciado por la cantidad de $ 2,700.00 (costo del examen) en las ventanillas del cubículo 8 de Exámenes Profesionales de lunes a viernes de 10:00 a 14:00 y de 16:00 a 18:30 horas del 15 al 25 de junio de 2026, presentando sólo los acuses del registro en línea de acuerdo con el punto 3.Realizar el pago correspondiente por la inscripción al examen en cualquier sucursal BBVA (ventanilla o practicaja) o bien, si se desea realizar transferencia. Esta aplicará únicamente si pertenece al mismo banco (no se aceptan transferencias interbancarias).Nota: Por ningún motivo pague con tarjeta en practicaja, si va a utilizar esta vía, que sea en efectivo.Para que comience el proceso de revisión y validación, es indispensable que el alumno entregue en las ventanillas del cubículo 8 de Exámenes Profesionales en el periodo del 27 de julio al 13 de agosto de 2026, el acuse del registro en línea, los documentos mencionados en el punto 1 menos la fotografía (a menos que no sea legible en el acuse del registro en línea), comprobante de pago emitido por el banco, así como la solicitud de ticket o factura según sea el caso:Solicitud de ticketSolicitud de CFDI (para efectos fiscales). Presentar CSF actualizada.Nota: Es necesario presentar de manera obligatoria cualquiera de los dos formatos arriba mencionados.En caso de cumplir con el art. 131 del Reglamento de Exámenes Profesionales y optar por la mención honorífica también deberá entregar el presente (formato) el mismo día de la inscripción.Una vez inscrito, el alumno(a) deberá estar pendiente de los siguientes pasos a seguir, tal y como lo indica la convocatoria vigente. Favor de consultarla en la siguiente página. [click aquí]El área de Exámenes Profesionales se reserva el derecho de diferir o cancelar la aplicación del examen por causa de fuerza mayor.El registro en línea NO garantiza un lugar para cursar la opción.FIN DEL PROCEDIMIENTO"
Examen general de conocimientos,Convocatoria para título profesional,https://titulacion.fca.unam.mx/examen.php#convocatoria_titulo,27 julio al 13 agosto 2026,No aplica
Examen general de conocimientos,Procedimiento para título profesional,https://titulacion.fca.unam.mx/examen.php#procedimiento_titulo,27 julio al 13 agosto 2026,No aplica
Experiencia profesional,En qué consiste,https://titulacion.fca.unam.mx/experiencia_profesional.php#consiste,Abierta Permanentemente,"¿En qué consiste?En la elaboración de un informe escrito (individual), en el cual el alumno demuestre sus capacidades y competencias profesionales de al menos tres años consecutivos en una misma organización, vinculada con su formación disciplinaria y comprobable conforme a los lineamientos del Reglamento de Exámenes Profesionales.¿Para quién es idónea esta opción?Para alumnos que cuenten con el 100% de créditos y acrediten tener una experiencia laboral mínima de tres años consecutivos en la misma organización, en la que actualmente se desempeñe, en un área de conocimiento establecida en el artículo 10 del Reglamento de Exámenes Profesionales.¿Cómo se acredita?Estar inscrito en la opción de titulación conforme al procedimiento del Departamento de Exámenes Profesionales.Tener la carta autorización (liga carta) del jefe de la licenciatura en un lapso no mayor a dos meses después emitido el dictamen aprobatorio.Contar con el trámite de titulación autorizada.Requisitos:Los establecidos en los artículos 5, 109 y 110 del Reglamento de Exámenes Profesionales.Ser la primera opción a la que se inscribe.Constancia de antigüedad y experiencia laboral mínima de tres años consecutivos, expedida por la organización en donde actualmente se desempeñe, en la que se describan las funciones realizadas.Documento oficial que acredite la relación laboral con la organización.Carta compromiso con firma original del interesado, donde manifieste que declara, bajo protesta de decir verdad que los documentos presentados son auténticos.Curriculum actualizado (documentos probatorios) y realizar entrevista en la Jefatura de la licenciatura correspondiente.Carta autorización de uso y publicación de información por parte de la organización."
Experiencia profesional,Procedimiento de inscripción y acreditación,https://titulacion.fca.unam.mx/experiencia_profesional.php#inscripcion,Abierta Permanentemente,"Procedimiento de inscripciónINSCRIPCIÓNACREDITACIÓNINSCRIPCIÓNAntes de iniciar con el registro en esta opción de titulación, se requiere:Ser “Experiencia Profesional” su primer registro o inscripción como opción de titulación.Los alumnos que cursaron el bachillerato en la UNAM deberán contar con el certificado de estudios de nivel bachillerato, el cual deberá indicar la leyenda “íntegramente”. Consultar el trámite según corresponda:• ENP: http://enp.unam.mx/comunidad/#tramites• CCH: https://www.cch.unam.mx/estudiantil/control-escolarContar con el certificado de estudios profesionales de la licenciatura, este deberá decir “íntegramente”. Solicitarlo en la oficina de Servicios Escolares de la FCA.Plan 85 o anterior deberá tramitar el certificado al finalizar la opción de titulación por “Experiencia Profesional”, ya que este deberá aparecer como asignatura dentro de la historia académicaSolicitar en la ventanilla de Servicios Escolares de la FCA el Trámite de Titulación (revisión de estudios). Consultar e imprimir en el siguiente enlace.Historia académica actualizada con el 100% de créditos, de acuerdo con su plan de estudios.Plan 2012 y posteriores (excepto Negocios Internacionales): deberá contar con el registro como asignatura de:Actividades extracurriculares (puntos culturales y deportivos)Idioma inglésServicio socialPlanes 93, 98 y 2006: únicamente el idioma inglés como asignatura.Notas:En caso de no contar con estos requisitos dentro de su historia académica, solicitar información en Administración Escolar de la FCA.Sin estos registros en la historia académica, no se podrá continuar con el proceso.El Departamento de Exámenes Profesionales no se hará responsable si el trámite es cancelado por incumplimiento de requisitos.Constancia de término de servicio social original, impresa a color en hoja opalina y sellada por el Departamento de Servicio Social (no se acepta carta ni ecosistema).Constancia de actividades extracurriculares (deportivas y culturales), únicamente para alumnos de Negocios Internacionales.Llenar formato de Protesta UniversitariaConsultar en la página de titulación de la FCA la convocatoria para verificar fechas de registro e inscripción a la opción de titulación. Conovocatoria Experiencia ProfesionalPresentarse en el Departamento de Exámenes Profesionales de la FCA, cubículo 5, con los siguientes documentos:Los documentos enlistados en el paso 1Los requisitos específicos, estipulados en los artículos 109 y 110 del Reglamento de Exámenes Profesionales de la FCA, los cuales son:Constancia de antigüedad y documento oficial que acrediten la vigencia y la relación laboral con la organización, así como una antigüedad mínima de dos años consecutivos. Dicho documento deberá ser expedido por la organización y describir las funciones realizadas.Carta de confidencialidad mediante la cual la organización autorice el uso y la publicación de la información.Resumen y currículum vitae en extenso, actualizado, que incluya los documentos probatorios de lo reportado, con el fin de realizar la entrevista en la Jefatura de la licenciatura correspondiente.Declaratoria con firma original del interesado, en la que manifieste, bajo protesta de decir verdad, que los documentos presentados en el currículum son auténticos.Anteproyecto por experiencia profesional, conforme a lo establecido en el artículo 110.Nota importante: Aproximadamente quince días después de haber solicitado su Trámite de Titulación (revisión de estudios) en la ventanilla de servicios escolares de la FCA, deberá verificar diariamente en la página de la DGAE enlace la autorización del trámite de titulación, esta se encuentra autorizada cuando tenga fecha en el renglón 10. Si presenta alguna irregularidad presentarse inmediatamente en la DGAE, ubicada a un costado del metro CU.La situación académica y documental será revisada antes, durante y después del proceso de titulación. Si no se cumplen los requisitos, no se podrá continuar.El Departamento de Exámenes Profesionales turnará los documentos mencionados en los artículos 109 y 110 a la Jefatura de la licenciatura correspondiente, a fin de que se realice la entrevista al alumnado.En caso de ser aprobatoria la entrevista, la jefatura de la licenciatura asignará un asesor y emite carta aceptación.Dicho asesor será responsable de orientar y evaluar que el trabajo cumpla con las características establecidas en el Reglamento de Exámenes Profesionales de la FCA.El alumnado cuenta con dos meses para elaborar y concluir el trabajo escrito, a partir de la fecha de asignación del asesor.Importante: Se considerará que el alumno no acreditó la opción de titulación cuando:A juicio del jefe de la licenciatura correspondiente, no demuestre el dominio de las capacidades y competencias profesionales propias de su licenciatura y área de conocimiento en el trabajo escrito.El trabajo escrito no se entregue en tiempo o no cumpla con los lineamientos generales.No haya realizado la inscripción correspondiente a la opción ni entregado los requisitos señalados en el artículo 5, 109 y 110 Reglamento de Exámenes Profesionales de la FCA.Realice alguna de las acciones estipuladas en el artículo 7 de este Reglamento.Una vez concluido el trabajo escrito, deberá solicitar el proceso de acreditación y revisión del trabajo por correo electrónico (experiencia-profesional@fca.unam.mx), adjuntando:Carta de autorización del asesor Carta de autorización del asesor, original y dos copias.Consulta de Trámite de Titulación autorizada (revisión de estudios) dos copias.Historia académica en formato PDF (con 100% de créditos) dos copias.Plan 85 y anteriores, enviar certificado de estudios profesionales de la licenciatura, deberá decir “íntegramente” (Deberá estar incluida la opción de titulación para contar con el esquema académico completo)Nota: En caso de cumplir con el art. 131 del reglamento y optar por la mención honorifica también deberá entregar el presente formato acompañado de la historia académica impresa el mismo día (incluir columna de extraordinarios).Consultar proceso de acreditación en esta misma opción."
Experiencia profesional,Lineamientos generales del informe escrito,https://titulacion.fca.unam.mx/experiencia_profesional.php#lineamientos,Abierta Permanentemente,No aplica
Experiencia profesional,Convocatoria para título profesional,https://titulacion.fca.unam.mx/experiencia_profesional.php#convocatoria_titulo,Abierta Permanentemente,No aplica
Experiencia profesional,Procedimiento para prueba oral,https://titulacion.fca.unam.mx/experiencia_profesional.php#procedimiento_po,Abierta Permanentemente,No aplica
Interfacultades,En qué consiste,https://titulacion.fca.unam.mx/interfacultades.php#consiste,16 al 27 de junio 2025,"¿En qué consiste?En qué consiste esta opciónEsta opción consiste en cursar y aprobar un número adicional de asignaturas complementarias a su licenciatura (que no podrán ser iguales o equivalentes a las que ya cursó), impartidas por alguna otra Facultad de la UNAM, las asignaturas, deberán ser equivalentes al diez por ciento de los créditos totales de su licenciatura y aprobadas con una calificaión mínima de 9.0 (nueve), en cada una de las asignaturas. Dichas asignaturas se considerarán como un semestre adicional, durante el cual, el alumno obtendrá conocimientos y capacidades que enriquezcan su formación.¿Para quién es idónea esta opción?Para alumnos que:Deseen complementar su formación académica obteniendo conocimientos y capacidades adicionales a los de su plan de estudios, que le permitan lograr una formación integral.Contar con nuevas experiencias y conocimientos cursando materias adicionales en licenciaturas afines dentro de otras Facultades de la UNAM que así lo permitan.Deseen enriquecer su curriículum.Dispongan del tiempo suficiente para cursar las asignaturas correspondientes a un semestre adicional de la licenciatura.¿Cómo se acredita?La Titulación por Ampliación de Conocimientos Interfacultades se aprobará, cuando el alumno demuestre ante el Departamento de Exámenes Profesionales, haber cursado en un semestre, asignaturas adicionales a su plan de estudios, equivalentes a cuando menos el diez por ciento de los créditos totales de su licenciatura y con una calificaión mínima de 9.0 (nueve), en cada una de las asignaturas; presente un informe escrito de los conocimientos adquiridos a través de las asignaturas cursadas al Jefe de Carrera de su licenciatura y éste a su vez, entregue el oficio al Departamento de Exámenes Profesionales con el registro del resultado de la Prueba Escrita, así como, el período en el cual cursó los estudios adicionales, para que posteriormente se programe para realizar la prueba oral del examen profesional."
Interfacultades,Procedimiento de inscripción,https://titulacion.fca.unam.mx/interfacultades.php#inscripcion,16 al 27 de junio 2025,"Procedimiento de inscripciónINSCRIPCIÓNACREDITACIÓNAntes de iniciar con el registro en esta opción de titulación, se requiere:Ser ""Ampliación de Conocimiento Interfacultades"" su primer registro o inscripción como opción de titulación.Los alumnos que cursaron el bachillerato en la UNAM deberán contar con el certificado de estudios de nivel bachillerato, el cual debe indicar la leyenda ""íntegramente"". Consultar el trámite según corresponda:ENP: http://enp.unam.mx/comunidad/#tramitesCCH: https://www.cch.unam.mx/estudiantil/control-escolarContar con el certificado de estudios profesionales de la licenciatura, este deberá decir ""íntegramente"". Solicitarlo en la oficina de Servicios Escolares de la FCA.Plan 85 o anterior: deberá tramitar el certificado al finalizar la opción de titulación de Ampliación de Conocimiento Interfacultades, ya que este deberá aparecer como asignatura dentro de la historia académica.Solicitar en la ventanilla de Servicios Escolares de la FCA el Trámite de Titulación (revisión de estudios). Consultar e imprimir en el siguiente enlace.Fotografía digital reciente (tomada con celular, del pecho hacia arriba), a color y sin filtros.Historia académica actualizada con el 100% de créditos, de acuerdo con su plan de estudios.Plan 2012 y posteriores (excepto Negocios Internacionales): deberá contar con el registro como asignatura de:Actividades extracurriculares (puntos culturales y deportivos)Idioma inglésServicio socialPlanes 93, 98 y 2006: únicamente el idioma inglés como asignatura.Notas:En caso de no contar con estos requisitos dentro de su historia académica, solicitar información en Administración Escolar de la FCA.Sin estos registros en la historia académica, no se podrá continuar con el proceso.El Departamento de Exámenes Profesionales no se hará responsable si el trámite es cancelado por incumplimiento de requisitos.Constancia de término de servicio social original, impresa a color en hoja opalina y sellada por el Departamento de Servicio Social (no se acepta carta ni ecosistema).Constancia de actividades extracurriculares (deportivas y culturales), únicamente para alumnos de Negocios Internacionales.Llenar formato de Protesta Universitaria.Consultar en la página de titulación de la FCA la convocatoria para verificar fechas de registro e inscripción a la opción de titulación. Conovocatoria InterfacultadesEl alumno investiga y elige las asignaturas complementarias a su licenciatura y la facultad donde desea cursarlas dentro de la UNAM, éstas deberán ser equivalentes al 10% del total de sus créditos de su licenciatura. No podrá cursar asignaturas iguales o equivalentes a las que ya cursó en su licenciatura origen.Ejemplo:LicenciaturaCréditos totalesCréditos que deberá cursarAdministración40841Consultar horarios y fechas de inscripción en la(s) facultad(es) destino. Con los formatos Solicitud F306 llenar un formato por cada asignatura a cursar e imprimir los contenidos temáticos de las asignaturas, posteriormente solicitar autorización y firma al Jefe de su licenciatura en la FCA.Si por alguna razón la o las asignaturas que desea inscribir fueran modificadas, deberá llenar nuevamente los formatos Solicitud F306 y acudir con el Jefe de su Licenciatura de la FCA, con el nuevo contenido temático para una nueva autorización.Autorizado los formatos Solicitud F306 por el Jefe de su Licenciatura de la FCA, presentar original y 3 acuses del mismo, presentarse en Administración Escolar de la FCA para solicitar sello y firma de cada una de ellas.Acudir con los formatos Solicitud F306 en la(s) Facultad(es) destino, para solicitar sello y firma del Coordinador de la Licenciatura o responsable académico y de servicios escolares del plantel destino.Presentarse nuevamente en Administración Escolar de la FCA con los formatos Solicitud F306 para que esta registre ante la DGAE dichas asignaturas.Nota: La inscripción dependerá del cupo de cada grupo, ya que tienen prioridad los alumnos de la Facultad destino (Art. 17 del Reglamento General de Inscripciones de la Legislación Universitaria).Realizar el registro en el siguiente enlace, de acuerdo a las fechas especificadas en la convocatoria, deberá cargar los documentos solicitados por el sistema en formato JPG (excepto la historia académica, que deberá ser en PDF). Al terminar, el sistema proporciona un comprobante de inscripción, deberá imprimir dos acuses.Para validar su registro, deberá presentarse de acuerdo a las fechas de la convocatoria en el Departamento de Exámenes Profesionales de la FCA, cubículo 5, con los siguientes documentos:Los documentos enlistados en el paso 1 (a excepción de la fotografía).Comprobante de inscripción (imprimir dos acuses).Los formatos Solicitud F306 con los sellos y firmas correspondientes.Nota Importante: Aproximadamente quince días después de haber solicitado su Trámite de Titulación (revisión de estudios) en la ventanilla de servicios escolares de la FCA, deberá verificar diariamente en la página de la DGAE enlace la autorización del trámite de titulación, esta se encuentra autorizada cuando tenga fecha en el renglón 10. Si presenta alguna irregularidad presentarse inmediatamente en la DGAE, ubicada a un costado del metro CU.La situación académica y documental será revisada antes, durante y después del proceso de titulación. Si no se cumplen los requisitos, no se podrá continuar.Durante su estancia en la facultad(es) destino, elaborar y terminar el trabajo escrito, tomando en cuenta la estructura y lineamientos establecida por el Departamento de Exámenes Profesionales de la FCA lineamientos.El alumnado tiene máximo 2 meses posteriores al término de los estudios interfacultades para aprobar el trabajo escrito por el revisor.Entregar de manera personal y presencial al jefe de la licenciatura el informe escrito, inmediatamente al término de los estudios interfacultades, lo anterior para asignar un revisor.Una vez concluido y autorizado el trabajo escrito, deberá solicitar el proceso de acreditación por correo electrónico (interfacultades-op@fca.unam.mx), adjuntando:Carta de aprobación del asesor (la proporciona el jefe de la licenciatura), original y dos copias.Consulta de Trámite de Titulación autorizada (revisión de estudios), dos copias.Historia académica en formato PDF (con 100% de créditos), dos copias.Plan 85 y anteriores, mandar certificado de estudios profesionales de la licenciatura, deberá decir ""íntegramente"", con la finalidad de contar con el esquema académico completo.Nota: En caso de cumplir con el artículo 131 del mismo reglamento y optar por la mención honorífica, deberá entregar el siguiente formato junto con la historia académica impresa (incluyendo la columna de extraordinarios).Consultar proceso de acreditación en esta misma opción."
Interfacultades,Lineamientos generales del trabajo escrito,https://titulacion.fca.unam.mx/interfacultades.php#lineamientos,16 al 27 de junio 2025,No aplica
Interfacultades,Convocatoria para prueba oral,https://titulacion.fca.unam.mx/interfacultades.php#convocatoria_po,16 al 27 de junio 2025,No aplica
Interfacultades,Procedimiento para prueba oral,https://titulacion.fca.unam.mx/interfacultades.php#procedimiento_po,16 al 27 de junio 2025,No aplica
Seminario,En qué consiste,https://titulacion.fca.unam.mx/seminario.php#consiste,15 al 19 de junio 2026 (según el área de conocimiento),"¿En qué consiste?El Seminario de Desarrollo en un Área de Conocimiento consiste en un conjunto de módulos que profundizan en el estudio de alguna de las áreas a que se refiere el artículo 8 del Reglamento de Exámenes Profesionales, y cuya duración será, en conjunto, de 160 hrs. El alumno deberá cursar y aprobar los módulos que lo componen, y que son referentes y complementarios a las asignaturas del área respectiva, estudiadas en la carrera (artículo 15 R.E.P).¿PARA QUIÉN ES IDÓNEA ESTA OPCIÓN?Para alumnos que:El Seminario de Desarrollo en un Área de Conocimiento sea su primer registro o inscripción como opción de titulación.Quieran fortalecer su competencia profesional profundizando en un área.Prefieran una opción de cursos escolarizados con fecha certera de terminación.¿CÓMO SE ACREDITA?El Seminario se acreditará con una calificación mínima de 8.0, en cada uno de los módulos y una asistencia no inferior al 90% de las sesiones programadas (artículo 18 R.E.P.)."
Seminario,Procedimiento de inscripción,https://titulacion.fca.unam.mx/seminario.php#inscripcion,15 al 19 de junio 2026 (según el área de conocimiento),"Procedimiento de inscripciónFCA - UNAMINSTITUCIONES INCORPORADASIMPORTANTELa documentación solicitada para este trámite deberá ser entregada de forma física y en original una vez que sea requerida por la Coordinación de Diplomados Presenciales y Seminarios, y está sujeta a revisión durante todo el proceso de titulación. En caso de que el alumno no cubra los requisitos, el Departamento de Exámenes Profesionales no se hará responsable del trámite de inscripción y será cancelada sin reembolso alguno.SIN EXCEPCIÓN, NO SE ACEPTARÁ DOCUMENTACIÓN INCOMPLETA O NO LEGIBLECumplir con los requisitos del artículo 20 del Reglamento de Exámenes ProfesionalesVerificar que cumples con lo siguiente:Alumnos que cursaron el bachillerato en la UNAM, deberán contar con el certificado de estudios de nivel bachillerato, este deberá decir ""íntegramente"". Consultar trámite en el siguiente enlace, según corresponda:ENP: http://enp.unam.mx/comunidad/#tramitesCCH: https://www.cch.unam.mx/estudiantil/control-escolarQue el seminario sea su primer registro o inscripción como opción de titulación.Certificado de estudios profesionales integro (estudios completos). Tramitarlo en la oficina de Servicios Escolares de la FCA.Fotografía digital reciente, a color, sin filtros, de frente abarcando de los hombros a la cabeza.Historia académica con el 100% de créditos de acuerdo con su plan de estudios, puedes obtenerla en la siguiente página web.Plan 2012 (excepto Negocios Internacionales) contar con el registro dentro del historial académico de:Actividades extracurriculares (actividades deportivas, culturales y de apoyo comunitario).Idioma Inglés.Servicio Social.Plan 93 y 98 contar con el registro como asignatura del idioma inglés. Plan 2006 contar con el registro del idioma inglés y la asignatura Fundamentos de Matemáticas (excepto Informática).Si no cuentan con el registro de los requisitos anteriores en el historial académico solicitar información directamente en Administración Escolar de la FCA (a excepción de Negocios Internacionales). Sin estos requisitos no se podrá continuar con el registro a su opción de titulación.Constancia de término de servicio social original, impresa a color en hoja opalina y sellada por el departamento de Servicio Social (no carta, ni ecosistema). Si no se cuenta con la constancia solicitar una reexpedición al correo: registro_ss1@fca.unam.mx.Constancia de participación en actividades culturales, deportivas y de apoyo comunitario. Sólo alumnos de la licenciatura en Negocios Internacionales.Acta de nacimiento original o copia certificada emitida por el Registro Civil en perfecto estado (no rota ni manchada, sin tachaduras ni enmendaduras, no subrayada, ni sellada por otras instancias). Se acepta el acta obtenida en línea, siempre y cuando sea impresa a color.Certificado original de estudios anteriores al ingreso a la UNAM, (sólo los alumnos cuyo número de cuenta inicie con 1, 306, 307, 308, 309, 310 y 311).CURP impresa en horizontal y abarcando una hoja tamaño carta, ver ejemplo.Formato de Protesta Universitaria llenado a mano y firmado de forma autógrafa. Descarga aqui..Consultar la convocatoria vigente.Los horarios y grupos estarán disponibles a partir de la publicación de la siguiente convocatoria.Alumnos que tengan un promedio inferior a 9.00 (nueve) enviar un correo electrónico a seminarios@fca.unam.mx, para hacer la solicitud y presentar el examen de conocimientos del área de interés, adjuntando el certificado de estudios profesionales (estudios completos) tramitado en el punto número 1 (formato PDF) y proporcionando la siguiente información:Nombre Completo.Número de Cuenta.Área de interés del seminario.Contactos (número de teléfono y correo electrónico).Si cuentas con el promedio o aprobaste el examen de ingreso a seminario, realizar el registro en línea. Para ello, deberá escanear y cargar la documentación mencionada en los incisos c, d, e, f, g, h y j del punto 2 (Todo en formato JPG a excepción del historial académico que deberá ser en PDF). Al terminar, descargar el acuse e imprimirlo. Registrate aquí..Para concluir su inscripción deberá presentarse en la Coordinación de Diplomados Presenciales en las fechas establecidas en la convocatoria con los documentos del punto 2, además de 2 copias del acuse de registro en línea.El horario de entrega es de lunes a viernes de 10:00 a 13:30 y de 16:00 a 18:30 horas.En caso de haberse registrado o inscrito a una opción de titulación, y no cumplir con los requisitos señalados se aplicará lo estipulado en el artículo 11 del Reglamento de Exámenes Profesionales.Si en el momento en que se reciba la documentación antes mencionada el grupo ya se encuentra saturado, no podrá ser autorizada la inscripción y deberá esperar a la emisión de la siguiente convocatoria.Una vez que la documentación sea revisada por la Coordinación de Diplomados Presenciales y Seminarios, se le entregará su comprobante de inscripción.La inscripción está sujeta a que el grupo solicitado cumpla con el mínimo de alumnos inscritos.Confirmar la fecha de inicio del seminario seleccionado, misma que se publica en la convocatoriaEl área de Exámenes Profesionales solicitará a la DGAE el trámite de Revisión Documental, por lo que aproximadamente tres meses después de haber iniciado el diplomado, deberá consultar diariamente en la página de la DGAE, la autorización de su Revisión Documental, esta se encuentra autorizada cuando aparezca la leyenda “ninguna” en el renglón 9 y una fecha en el renglón 10. Si presenta alguna irregularidad, presentarse inmediatamente a solucionarlo directamente en la DGAE, ubicada a un costado del metro CU.Nota:  El Área de Exámenes Profesionales se reserva el derecho de diferir o cancelar el inicio de los Seminarios hasta reunir el mínimo de alumnos o por causa de fuerza mayor. El registro en línea NO garantiza un lugar para cursar la opción.Una vez iniciado el proceso, bajo ninguna circunstancia habrá cambio de grupo o área."
Seminario,Horarios y grupos,https://titulacion.fca.unam.mx/seminario.php#horarios,15 al 19 de junio 2026 (según el área de conocimiento),No aplica
Seminario,Temarios,https://titulacion.fca.unam.mx/seminario.php#temarios,15 al 19 de junio 2026 (según el área de conocimiento),No aplica
Seminario,Procedimiento para prueba oral,https://titulacion.fca.unam.mx/seminario.php#procedimiento_po,15 al 19 de junio 2026 (según el área de conocimiento),No aplica
Servicio social,En qué consiste,https://titulacion.fca.unam.mx/servicio_social.php#consiste,Abierta Permanentemente,"¿En qué consiste?En qué consiste esta opciónSOLO ALUMNOS UNAMEsta opción de titulación consiste en que el alumno deberá llevar a cabo un proyecto de Servicio Social aprobado por el Consejo Técnico como opción de titulación, desarrollando actividades dentro de la propia Facultad, relacionadas con la práctica profesional de la disciplina y su perfil profesional. A su término, deberá presentar un informe escrito, la cual describirá la participación del sustentante dentro del programa de servicio social.Posteriormente, el participante presentará una réplica oral frente a un jurado compuesto por tres sinodales acerca de su informe escrito, donde demostrará contar con los conocimientos y competencias laborales desarrolladas durante su servicio social.¿Para quién es idónea esta opción?Para alumnos que:Busquen la obtención de su título profesional realizando el servicio social a través de alguno de los programas aprobados para esta finalidad y al mismo tiempo, cumplir con la Prueba Escrita de su trámite de titulación.Quieran aplicar los conocimientos adquiridos durante su licenciatura en alguno de los siguientes programas:LICENCIATURA EN CONTADURÍAAsesoría Fiscal GratuitaLICENCIATURA EN INFORMÁTICAAutomatización de la Gestión de la División de InformáticaLICENCIATURA EN ADMINISTRACIÓN Y MULTIDISCIPLINARIOApoyo a las Actividades de Investigación de la FCAEstrategias para el Desarrollo de la Profesión y el Espíritu Empresarial¿Cómo se acredita?El alumno deberá:Inscribirse en alguno de los programas de servicio social aprobados por Consejo Técnico para tal efecto, y presentar al término del mismo, un informe escrito, la cual describirá la participación del sustentante dentro del programa de servicio social, así como el análisis y argumentación de los fundamentos teóricos y metodológicos de la presentación del mismo, contando para ello con un asesor (el responsable del programa) quien se encargará de guiar, revisar y supervisar el trabajo del alumno.Cumplir con las 480 horas ininterrumpidas que exige el servicio social en un período mínimo de 6 meses y máximo de 7 meses.Concluir el informe escrito en un tiempo máximo de 2 meses, después de haber terminado el servicio social, de lo contrario solo recibirá su constancia de servicio social, quedando sin efecto la opción de titulación.Sellada y firmada la carta de aprobación por el cubículo 4 del Departamento de Exámenes Profesionales, deberá pasar inmediatamente a la Coordinación de Revisión y Control Documental (cubículo 1) para que le proporcionen información acerca de la convocatoria para la prueba oral."
Servicio social,Procedimiento de inscripción,https://titulacion.fca.unam.mx/servicio_social.php#inscripcion,Abierta Permanentemente,"Procedimiento de inscripciónINSCRIPCIÓNACREDITACIÓNAntes de iniciar con el registro en esta opción de titulación, se requiere:Ser ""Servicio Social"" su primer registro o inscripción como opción de titulación.Los alumnos que cursaron el bachillerato en la UNAM deberán contar con el certificado de estudios de nivel bachillerato, el cual deberá indicar la leyenda ""íntegramente"". Consultar el trámite según corresponda:• ENP: http://enp.unam.mx/comunidad/#tramites• CCH: https://www.cch.unam.mx/estudiantil/control-escolarDeberán contar con el certificado de estudios profesionales de la licenciatura, este deberá decir ""íntegramente"", solicitarlo en la oficina de Servicios Escolares de la FCA. El presente trámite solo es para el alumnado de la Licenciatura de Negocios Internacionales y Administración, Contaduría e Informática (plan 93,98 y 2006)Plan 85 o anterior: deberá tramitar el certificado al finalizar el ""Servicio Social"", ya que la opción de titulación deberá aparecer como asignatura dentro de la historia académica.Plan 2012 y posteriores (Administración, Contaduría e Informática): para solicitar el certificado deberán esperar a liberar el servicio social y registrar este como asignatura dentro de la historia académica.Solicitar en la ventanilla de Servicios Escolares de la FCA el Trámite de Titulación (revisión de estudios). Consultar e imprimir en el siguiente enlaceHistoria académica actualizada con el 100% de créditos, de acuerdo con su plan de estudios.Plan 2012 y posteriores (excepto Negocios Internacionales): deberá contar con el registro como asignatura de:Actividades extracurriculares (puntos culturales y deportivos)Idioma inglésPlanes 93, 98 y 2006: únicamente el idioma inglés como asignatura.Notas:En caso de no contar con estos requisitos dentro de su historia académica, solicitar información en Administración Escolar de la FCA.Sin estos registros en la historia académica, no se podrá continuar con el proceso.El Departamento de Exámenes Profesionales no se hará responsable si el trámite es cancelado por incumplimiento de requisitos.Constancia de actividades extracurriculares (deportivas y culturales), únicamente para alumnos de Negocios Internacionales.Llenar Formato de Protesta UniversitariaConsultar en la página de titulación de la FCA la convocatoria para verificar fechas de registro e inscripción a la opción de titulación. Conovocatoria Servicio SocialÁreas donde se puede realizar el servicio social, dependiendo de la licenciatura:Licenciatura en Contaduría:Programa de Titulación: Asesoría Fiscal Gratuita / Responsable: Mtra. Vania Martínez TroncosoLicenciatura en Informática:Programa de Titulación: Automatización de la Gestión de Información de la FCA / Responsable: Dra. Adriana García VargasLicenciatura en Administración y Multidisciplinario:Programa de Titulación: Apoyo a la División de Investigación de la FCA / Responsable: Dr. Ricardo Alfredo Varela JuárezPrograma de Titulación: Estrategias para el Desarrollo de la Profesión y el Espíritu Empresarial / Responsable: L.A. Francisco Martínez GarcíaRealizar el registro en el siguiente enlace, deberá cargar los documentos solicitados por el sistema en formato JPG (excepto la historia académica, que deberá ser en PDF). Al terminar, el sistema proporciona un comprobante de inscripción, deberá imprimir dos acuses.Nota: El registro en línea no garantiza un lugar en la opción de titulación.Solicitar cita con el Coordinador del Programa de Servicio Social (de interés), para realizar una entrevista, de acuerdo con las fechas programadas en la convocatoria.Asistir puntualmente a la entrevista (remota o presencial, según lo determine el coordinador). Para ello, el alumnado deberá llevar el siguiente documento con la información solicitada e impresa Carta de Aceptación del Servicio Social. En caso de ser aceptado, el responsable del programa firmará dicho documento.Nota: Cada programa estará sujeto a la disponibilidad y necesidades de las áreas responsables; por ello, el Coordinador realizará una selección con base en los conocimientos previos del alumno.Aceptado por el responsable del programa de servicio social deberá:Solicitar información y registrar el servicio social directamente en el Departamento del Servicio Social (llevar la carta de aceptación del servicio social del programa correspondiente).Registrado el servicio social, presentarse en el Departamento de Exámenes Profesionales de la FCA, cubículo 5, para cotejo, validación del servicio social e inscripción a la opción de titulación.Validar inscripción de la opción de titulación, para ello, el alumnado deberá entregar personalmente en el Departamento de Exámenes Profesionales de la FCA, cubículo 5, los siguientes documentos:Los documentos enlistados en el paso 1 (a excepción de la fotografía)Comprobante de inscripción (imprimir dos acuses)Carta de aceptación del servicio social con las firmas correspondientesFormato de registro de servicio social con fotografía, firmado y sellado por el Departamento de Servicio Social. Sin este documento, no se considerará el inicio de la opción de titulación.Notas importantes:El servicio social se debe realizar en un periodo mínimo de 6 meses y máximo de 7 meses, cumpliendo con 480 horas ininterrumpidas (conforme al Reglamento General de Servicio Social de la UNAM).Durante su estancia en el programa, elaborar y concluir el trabajo escrito conforme a la estructura y lineamientos establecidos por el Departamento de Exámenes Profesionales de la FCA. El plazo máximo para concluir el informe escrito es de dos meses después de finalizar el servicio social. Asimismo, deberá contar con la carta de aprobación del asesor; de lo contrario, solo obtendrá la constancia de liberación del servicio social, sin cumplir con la opción de titulación, perdiendo la aprobación de la prueba escrita del examen profesional (artículo 92 del reglamento de Exámenes Profesionales de la FCA).Aproximadamente quince días después de haber solicitado su Trámite de Titulación (revisión de estudios) en la ventanilla de servicios escolares de la FCA, deberá verificar diariamente en la página de la DGAE la autorización del trámite de titulación, esta se encuentra autorizada cuando tenga fecha en el renglón 10. Si presenta alguna irregularidad presentarse inmediatamente en la DGAE, ubicada a un costado del metro CU.La situación académica y documental será revisada antes, durante y después del proceso de titulación. Si no se cumplen los requisitos, no se podrá continuar.Una vez concluido el servicio social, deberá solicitar el proceso de acreditación por correo electrónico (ss-titulacion@fca.unam.mx), adjuntando:Carta de aprobación del asesor (original y dos copias)Consulta de Trámite de Titulación autorizada (revisión de estudios), dos copiasConstancia original de término del servicio social (en opalina)Historia académica en formato PDF (con 100% de créditos), dos copiasPlan 85 y anteriores: mandar certificado de estudios profesionales de la licenciatura, deberá decir ""íntegramente"", con la finalidad de contar con el esquema académico completo.Plan 2012 y posteriores (Administración, Contaduría e Informática), mandar el certificado de estudios profesionales de la licenciatura, deberá decir ""íntegramente"", con la finalidad de contar con el esquema académico completo.Nota: En caso de cumplir con el artículo 131 del mismo reglamento y optar por la mención honorífica, deberá entregar el siguiente formato junto con la historia académica impresa (incluyendo la columna de extraordinarios).Consultar proceso de acreditación en esta misma opción."
Servicio social,Lineamientos generales del trabajo escrito,https://titulacion.fca.unam.mx/servicio_social.php#lineamientos,Abierta Permanentemente,No aplica
Servicio social,Convocatoria para prueba oral,https://titulacion.fca.unam.mx/servicio_social.php#convocatoria_po,Abierta Permanentemente,No aplica
Servicio social,Procedimiento para prueba oral,https://titulacion.fca.unam.mx/servicio_social.php#procedimiento_po,Abierta Permanentemente,No aplica
Tesis,En qué consiste,https://titulacion.fca.unam.mx/tesis.php#consiste,Abierta Permanentemente,"¿En qué consiste?La Tesis consiste en una investigación básica o aplicada en la que el alumno plantee y busque la solución teórica y técnica de un problema del campo de alguna de las disciplinas propias de la Facultad. Esta opción tiene como objetivos contribuir, tanto a la formación metodológica del alumno, como al avance de la investigación en las disciplinas de la Facultad, por lo que deberá estar sólidamente sustentada en la teoría de la carrera correspondiente.El trabajo de investigación (tesis) puede abarcar un problema de investigación de cualquier empresa u organización, ya sea nacional o extranjera, Pública o Privada; Micro, Pequeña, Mediana o Grande; Civil o Social como una Organización No Gubernamental o cooperativas y que abarquen alguna de las áreas del conocimiento de la administración, contaduría o la informática, según corresponda la licenciatura que el alumno cursa.Para la realización de la Tesis, el alumno elegirá un asesor de la plantilla de asesores aprobados, preferentemente de su propia licenciatura y área de conocimiento. El asesor lo dirigirá en la metodología, le dará su opinión técnica acerca del planteamiento, desarrollo y solución a los problemas expuestos en el trabajo, le sugerirá la bibliografía pertinente y expedirá la calificación de su trabajo.¿PARA QUIÉN ES IDÓNEA ESTA OPCIÓN?Para alumnos que:Se sientan motivados por la búsqueda de nuevos conocimientos, ya sean teóricos (investigación básica) o prácticos (investigación aplicada).Posean espíritu crítico y creativo.¿CÓMO SE ACREDITA?Esta opción se considerará acreditada en el momento que el alumno concluya totalmente su Tesis; el asesor registre en el acta la calificación aprobatoria y el alumno entregue la carta de aprobación del trabajo, firmada por el asesor.DURACIÓNLa Tesis tendrá una duración máxima de dos semestres y podrá prorrogarse un semestre más a solicitud escrita del asesor.La reinscripción a la opción de titulación de Tesis se llevará a cabo semestralmente y de manera consecutiva."
Tesis,Procedimiento de inscripción y acreditación,https://titulacion.fca.unam.mx/tesis.php#inscripcion,Abierta Permanentemente,"Procedimiento de inscripción y acreditaciónINSCRIPCIÓNREINSCRIPCIÓN Y PRÓRROGAACREDITACIÓNAntes de iniciar con el registro en esta opción de titulación, se requiere:Los alumnos que cursaron el bachillerato en la UNAM deberán contar con el certificado de estudios de nivel bachillerato, el cual deberá indicar la leyenda “íntegramente”. Consultar el trámite según corresponda:• ENP: http://enp.unam.mx/comunidad/#tramites• CCH: https://www.cch.unam.mx/estudiantil/control-escolarContar con el certificado de estudios profesionales de la licenciatura, este deberá decir “íntegramente”. Solicitarlo en la oficina de Servicios Escolares de la FCA.Plan 85 o anterior deberá tramitar el certificado al finalizar la Tesis o Diseño de un sistema o Proyecto, ya que este deberá aparecer como asignatura dentro de la historia académica.Solicitar en la ventanilla de Servicios Escolares de la FCA el Trámite de Titulación (revisión de estudios). Consultar e imprimir en el siguiente enlace.Nota: Si anteriormente ya cursó una opción de titulación, este solo deberá, consultar dicho documento en el siguiente enlace, este deberá estar autorizado y contar con fecha en el renglón 10.Fotografía digital reciente (tomada con celular, del pecho hacia arriba), a color y sin filtros.Historia académica actualizada con el 100% de créditos, de acuerdo con su plan de estudios.Plan 2012 y posteriores (excepto Negocios Internacionales): deberá contar con el registro como asignatura de:Actividades extracurriculares (puntos culturales y deportivos)Idioma inglésServicio socialPlanes 93, 98 y 2006: únicamente el idioma inglés como asignatura.Notas:En caso de no contar con estos requisitos dentro de su historia académica, solicitar información en Administración Escolar de la FCA.Sin estos registros en la historia académica, no se podrá continuar con el proceso.El Departamento de Exámenes Profesionales no se hará responsable si el trámite es cancelado por incumplimiento de requisitos.Constancia de término de servicio social original, impresa a color en hoja opalina y sellada por el Departamento de Servicio Social (no se acepta carta ni ecosistema).Constancia de actividades extracurriculares (deportivas y culturales), únicamente para alumnos de Negocios Internacionales.Llenar formato de Protesta UniversitariaSi provienes de otra opción de titulación, de esta misma opción o si fuiste suspendido, deberás solicitar la cancelación de la constancia de no adeudo en la Biblioteca Central.Para realizar este trámite, comunícate con el Departamento de Tesis al teléfono 55 5622-1681 o envía un correo electrónico a tesis@dgb.unam.mx. Se recomienda realizar la solicitud por correo electrónico.Consultar en la página de titulación de la FCA la convocatoria para verificar fechas de registro e inscripción a la opción de titulación. Convocaoria TesisRevisar la lista de asesores conforme a su licenciatura y área de conocimiento.Elegir un asesor conforme a su licenciatura y área de conocimiento del trabajo.Contactar al asesor por correo electrónico para someter a su consideración el anteproyecto y firmar carta de aceptación del tema (Formato carta 2027-1).Una vez aceptado, el asesor deberá firmar la carta y reenviarla por el mismo medio al alumnado.Realizar el registro en el siguiente enlace, deberá cargar los documentos solicitados por el sistema en formato JPG (excepto la historia académica, que deberá ser en PDF). Al terminar, el sistema proporciona un comprobante de inscripción, deberá imprimir dos acuses para efecto de validar la inscripción.Importante: Si falta algún documento, la inscripción será cancelada sin responsabilidad para la FCA.Para validar su registro de inscripción, deberá presentarse conforme al siguiente calendario, en el Departamento de Exámenes Profesionales de la FCA, cubículo 5, con los siguientes documentos:Los documentos enlistados en el paso 1 (a excepción de la fotografía).Comprobante de inscripción (imprimir dos acuses).Carta de aceptación del asesor (2 acuses).Fecha Letra apellido HorarioLunes, 22 de junio de 2026 A – I10:00 – 14:00 / 16:00 - 18:00Martes, 23 de junio de 2026 J – P10:00 – 14:00 / 16:00 - 18:00Miércoles, 24 de junio de 2026 Q – Z10:00 – 14:00 / 16:00 - 18:00Nota importante: Aproximadamente quince días después de haber solicitado su Trámite de Titulación (revisión de estudios) en la ventanilla de servicios escolares de la FCA, deberá verificar diariamente en la página de la DGAE enlace la autorización del trámite de titulación, esta se encuentra autorizada cuando tenga fecha en el renglón 10. Si presenta alguna irregularidad presentarse inmediatamente en la DGAE, ubicada a un costado del metro CU.La situación académica y documental será revisada antes, durante y después del proceso de titulación. Si no se cumplen los requisitos, no se podrá continuar.Asistir al taller en línea para el desarrollo del anteproyecto (obligatorio). Fecha tentativa: del 3 de agosto al 4 de septiembre de 2026. El día de la validación del registro se proporcionará mayor información.Próxima convocatoria a la opción de titulación: octubre de 2026.Una vez concluido el trabajo escrito, deberá solicitar el proceso de acreditación y revisión del trabajo por correo electrónico (tesisdiseno@fca.unam.mx), adjuntando:Carta de aprobación del asesor formato oficial, original y dos copias.Consulta de Trámite de Titulación autorizada (revisión de estudios) dos copias.Historia académica en formato PDF (con 100% de créditos) dos copias.Plan 85 y anteriores, enviar certificado de estudios profesionales de la licenciatura, deberá decir “íntegramente” (Deberá estar incluida la opción de titulación para contar con el esquema académico completo)Nota: En caso de cumplir con el art. 131 del reglamento y optar por la mención honorifica también deberá entregar el presente formato acompañado de la historia académica impresa el mismo día (incluir columna de extraordinarios).Consultar proceso de acreditación en esta misma opción."
Tesis,Asesores,https://titulacion.fca.unam.mx/tesis.php#asesores,Abierta Permanentemente,No aplica
Tesis,Lineamientos generales del trabajo escrito,https://titulacion.fca.unam.mx/tesis.php#lineamientos,Abierta Permanentemente,No aplica
Tesis,Convocatoria para prueba oral,https://titulacion.fca.unam.mx/tesis.php#convocatoria_po,Abierta Permanentemente,No aplica
Tesis,Procedimiento para prueba oral,https://titulacion.fca.unam.mx/tesis.php#procedimiento_po,Abierta Permanentemente,No aplica
Universidad Extranjera,En qué consiste,https://titulacion.fca.unam.mx/universidad_extranjera.php#consiste,Abierta Permanentemente,"¿En qué consiste?La presente opción de titulación solo es para alumnos de la FCA, la cual consiste en cursar cuatro asignaturas que sumen en conjunto un mínimo de 160 horas de clase en una universidad extranjera, con la que la UNAM tenga convenio académico vigente. Su objetivo es que el alumno conozca y participe en áreas de conocimiento propias a su licenciatura o afines a esta y que se están desarrollando fuera de nuestro país.¿PARA QUIÉN ES IDÓNEA ESTA OPCIÓN?Para alumnos que:Cursar Asignaturas en una Universidad Extranjera sea su primer registro o inscripción como opción de titulación.Dominen el idioma del país en el que desean estudiar.Cuente con VISA y pasaporte vigente (según sea el caso).Tengan la posibilidad de viajar y deseos de vivir experiencias académicas y culturales en un ambiente universitario distinto.¿CÓMO SE ACREDITA?El alumno deberá acreditar las asignaturas que se cursaron en el extranjero, elaborar el trabajo escrito y obtener la carta de aprobación por parte del Jefe de la Licenciatura."
Universidad Extranjera,Procedimiento de inscripción y acreditación,https://titulacion.fca.unam.mx/universidad_extranjera.php#inscripcion,Abierta Permanentemente,"Procedimiento de inscripciónAntes de iniciar con el registro a esta opción de titulación se requiere:Que Cursar Asignaturas en una Universidad Extranjera sea su primer registro o inscripción como opción de titulación.Alumnos que cursaron el bachillerato en la UNAM, deberán contar con el certificado de estudios de nivel bachillerato, este deberá decir ""íntegramente"". Consultar trámite en el siguiente enlace, según corresponda:ENP: http://enp.unam.mx/comunidad/#tramitesCCH: https://www.cch.unam.mx/estudiantil/control-escolarContar con el certificado de estudios profesionales de la licenciatura, este deberá decir ""íntegramente"". Solicitarlo en la oficina de Servicios Escolares de la FCA.Solicitar en la ventanilla de Servicios Escolares de la FCA el Trámite de Titulación (revisión de estudios), deberá entregar su historia académica. Consultar e imprimir en el siguiente enlaceFotografía tomada con celular (del pecho hacía arriba), reciente, a color y sin filtrosHistoria académica, actualizada con el 100% de créditos de acuerdo con tu plan de estudios, obtenerla en el siguiente enlaceObligatorio contar con el registro (a excepción de la licenciatura de Negocios Internacionales) como asignatura dentro de la historia académica:Actividades extracurriculares (puntos deportivos y culturales)Idioma InglésServicio SocialComo se muestra en la imagen siguiente:Notas:En caso de no contar con los requisitos anteriores, solicitar información directamente en Administración Escolar de la FCA.Sin estos requisitos dentro de la historia académica no se podrá continuar con el registro a su opción de titulación.El departamento de Exámenes Profesionales no se hará responsable del trámite de titulación y será cancelado sin reembolso alguno.Constancia de término de servicio social original, impresa a color en hoja opalina y sellada por el Departamento de Servicio Social (no carta, ni ecosistema).Constancia de actividades extracurriculares (deportivos y culturales), sólo para alumnos de la licenciatura en Negocios Internacionales.Llenar formato de Protesta UniversitariaConsultar directamente en la Secretaría de Cooperación Internacional, cubículo 16 del piso de la Dirección los países, universidades y convocatorias de movilidad vigentes.De acuerdo a las fechas establecidas en la convocatoria de movilidad en la que se participará, acudir al Departamento de Exámenes Profesionales, cubículo 2, para obtener firma y sello en la constancia de historia académica, para ello, deberá presentar todos los documentos descritos anteriormente, paso no. 1, a excepción de la fotografía digital (no se aceptan documentos incompletos, ni en proceso de trámite)Una vez aceptado(a) por la universidad extranjera, realizar registro de inscripción en el siguiente enlace, este registro deberá realizarse máximo 15 días antes de salir del país. Se deberán cargar los documentos solicitados por el sistema en formato JPG, a excepción de la historia académica que deberá ser en formato PDF (cada archivo no debe exceder 700 kb). Al finalizar el registro, el sistema proporciona un comprobante de inscripción, imprimir en hoja tamaño carta el documento, se solicitará para trámites posteriores.Si algún documento solicitado por el sistema no se carga, se cancelará la inscripción sin responsabilidad para la FCA.Inmediatamente después del registro, máximo al siguiente día hábil, deberá validar su inscripción directamente en el Departamento de Exámenes Profesionales, cubículo 2, para ello, deberá entregar:Los documentos del paso 1, a excepción de la fotografía.Comprobante de inscripción, en hoja tamaño carta (entregar 2 originales).Copia de la carta de aceptación de la universidad extranjera.Copia del dictamen de revalidación autorizado y con las firmas correspondientes.Notas:Sin excepción, no se recibe documentación incompleta ni en mal estado.El alumno deberá considerar que su situación académica y documental está sujeta a revisión antes, durante y después del proceso de titulación.Aproximadamente quince días después de haber solicitado su Trámite de Titulación (revisión de estudios) en la ventanilla de servicios escolares de la FCA, deberá verificar diariamente en la página de la DGAE enlace, la autorización del trámite de titulación (revisión de estudios), esta se encuentra autorizada cuando tenga fecha en el renglón 10. Si presenta alguna irregularidad presentarse inmediatamente en la DGAE, ubicada a un costado del metro CU.Durante su estancia en el extranjero elaborar y terminar el informe escrito, se deberá considerar los lineamientos establecidos por el Departamento de Exámenes Profesionales.Si llegara a cambiar de asignatura(s) y/o área de conocimiento, deberá entregar personalmente el ""dictamen de revalidación"" con la información actualizada en el Departamento de Exámenes Profesionales, cubículo 2, máximo 15 días posteriores al término de los estudios en el extranjero.Entregar de manera personal y presencial al jefe de la licenciatura el informe escrito, máximo 15 días posteriores al término de los estudios en el extranjero, lo anterior para su revisión y/o para asignar un revisor de trabajo.Una vez aprobado el informe escrito por el jefe de carrera y/o revisor, deberá mandar su trabajo al correo diplo_linea@fca.unam.mx en formato PDF sin portada y portadilla, el nombre del archivo deberá ser su nombre completo. Lo anterior para obtener el reporte de similitud mediante el software iThenticate, el cual no deberá arrojar más del 20% de coincidencias para continuar con el proceso de titulación.Recibirá un correo para notificar resultado y continuar con su proceso de titulaciónAutorizado el paso anterior podrá solicitar convocatoria para la prueba oral en el Departamento de Exámenes Profesionales, cubículo 2, máximo 2 meses posteriores al término de los estudios en el extranjero. Entregar los siguientes documentos:Original y dos fotocopias de la carta de aprobación del informe escrito (la proporciona el jefe de la licenciatura)Trámite de titulación (revisión de estudios) autorizada por la DGAE, puedes obtenerla en el siguiente enlaceUn ejemplar empastado del informe escrito, de acuerdo a los lineamientosEn caso de optar por la mención honorifica y cumplir con los requisitos del art. 131 del reglamento, también deberá entregar el presente formato.Sellada y firmada la carta de aprobación por el cubículo 2, deberá pasar inmediatamente a las ventanillas de la Coordinación de Revisión y Control Documental del Departamento de Exámenes Profesionales para continuar con el proceso de titulación."
Universidad Extranjera,Lineamientos generales del trabajo escrito,https://titulacion.fca.unam.mx/universidad_extranjera.php#lineamientos,Abierta Permanentemente,No aplica
Universidad Extranjera,Convocatoria para prueba oral,https://titulacion.fca.unam.mx/universidad_extranjera.php#convocatoria_po,Abierta Permanentemente,No aplica
Universidad Extranjera,Procedimiento para prueba oral,https://titulacion.fca.unam.mx/universidad_extranjera.php#procedimiento_po,Abierta Permanentemente,No aplica
